feature_1,feature_2,feature_3,feature_4,feature_5,feature_6,feature_7,feature_8,feature_9,feature_10,target
1.5804122815514468,-1.0374149147718956,-0.34453416328405534,-1.6059487281975335,3.1904928693080095,-4.741673252536749,1.3077875323043984,0.289019180561748,3.398696972922214,-0.6856172606838802,0
2.589646091049536,3.1819699713614478,0.8511214385539085,-4.89436560906502,-0.033803185648639746,-1.9110308692679896,0.30358641592472096,0.9727999594162688,-1.2176451862158495,-0.32263683750679134,1
3.0069635331533338,-0.7194943748460019,0.05132081981051356,-3.324561057209184,-1.404612386871381,-2.3640208305075885,0.940389435438432,-0.6169834880896572,0.45673427857956805,-0.9982342709967407,1
2.044206119614661,0.3802818100121151,0.3698115029531773,-2.588871809854608,0.44175644481668236,-1.3530620121814452,1.9728474093796926,1.4711868528889258,-0.6003554023964076,-0.9289241046813906,1
1.1461860604003804,0.5358119698173909,0.6466890138040351,-3.1051388877430237,1.08490997680391,-2.1795313364520164,2.6124475365162216,1.2980425365299306,-1.214737137742882,-0.13892111137433683,1
2.5485120221871087,2.0609498386296923,-0.3024287286603254,-2.3984862762226316,0.6928525080428415,-1.9142459547357145,-1.606855547589773,0.0415079779254699,1.281666805104203,-0.14708971596326237,1
-0.493412143416591,0.011004737804103826,0.17694909876709433,2.3519434926534197,-0.5789309017794256,2.9860951649305925,0.5020555358221651,2.298376030939037,0.639432816275862,-2.4108630885358195,1
1.7845219231175258,0.9098771328489201,-0.3198433513854015,-1.6515406270121569,1.0416732825481567,-0.9543184605721973,1.6602674323022482,2.033621469591444,-1.631520643451887,0.6813872318735419,1
-0.329094404480053,-4.912113469829474,-0.5214229973293122,3.1915749480055813,2.0165135612947496,2.617792832233378,4.648575306806459,2.109577404479152,-1.2969558904785843,-1.7915702047327011,1
0.19916327341073536,-0.2568064778691621,-0.5083213076440843,-1.5447516507253152,0.766623244776642,-1.36475755848917,2.499992364805412,1.291417370536036,-0.024955296894780377,-1.1259106831542949,1
0.051095765538443416,3.897572423926472,0.5108082911146118,-2.628594940260799,-0.5810460851337017,-1.0523367661781573,-0.564672200676312,1.040158648133326,-1.6639177675537784,1.434709522275254,1
1.3014906448968264,-1.2134921143356197,-0.7536411094124758,-0.8235038657807409,-0.4001471932441869,-1.457768517004701,3.264718705346136,1.8159032380401199,-2.2403667438962684,1.5092870675974766,0
-0.5471542245214587,0.3895926021992849,-0.695997162714202,-3.5458806769766134,0.024407763891972634,-0.2903211059298464,2.462736460484084,-0.0773096783929087,-1.4305322676278283,-2.1824574292821772,1
0.4806355921870098,-3.364169869772767,-2.4759524002504185,-4.823232711286382,-1.27101566504933,-2.5277554255264403,4.929400745834895,-1.4337126971365917,0.16821160649835543,-4.052158035093138,0
-0.9096490703479512,2.266357478100391,1.1344461192351076,1.0176976870610048,1.2382973318613109,-0.2628378150190316,-1.5098010287291639,0.5678607045137594,-1.6619807046962913,3.8021277386049226,1
-1.102978651574067,-1.0017086055941358,-1.5592880933423845,3.0496345858370812,-0.591894421595379,0.8442495744337608,-1.0122779239867454,0.0742279539671229,2.6441311482129715,-1.0009332681077252,0
0.020404849424465632,-2.1108351648594414,1.2621540832235467,1.9822078204278628,-1.2265226351782894,0.5329715791356895,-1.1437495192995732,-1.6203670038095976,1.229317202873206,0.15373564223693847,0
0.12589681733819924,0.6510569467117451,0.8284787410460753,-3.6635047513824723,-0.8156215608214722,-1.9690596101487134,0.5236441365060497,-1.7592725970948815,-1.5448129884503858,0.7736095919977239,0
-0.15689513116228115,1.3328318539742692,0.5066099197017384,-1.8120675408771383,1.035971180650426,0.3173668597131347,0.9929894266298558,0.7248482885166322,-1.6851646037777486,-0.36466913445103233,1
1.8270017979657145,0.9437926853337884,-1.5135799742248126,-6.174794211129273,-0.17841696811223393,-3.2834148304327675,4.6083860871506515,1.2592493315902562,-4.765973691350215,1.5322524937760094,0
0.9249173394449437,-0.5841455202681882,-1.2729268283384298,-0.7830633246733374,-1.499828060752253,-0.4544983142066471,0.22074273767063307,-0.3351749050274542,0.6602833461938575,-0.9631586663321684,1
-3.729851872131678,-2.7753921804279997,1.501107489618944,0.5038644325286694,-0.7107119353746494,-1.2905700222463303,3.908753622629296,-0.4583464264579393,-1.0102601595286982,0.45989487217001246,0
-0.18678758768449377,-0.25536359249365914,-0.06240357302267567,0.7969157174398471,0.3529256486598221,1.1929834175299479,-1.274729468193479,-0.6815541780027106,1.9583725660364877,-2.1096988437089124,0
0.6367187492672928,2.2473414103375653,1.03882968197446,4.8326963167145465,0.6179862648893485,1.8829370278791948,-5.602923255593999,0.8172515121509885,3.479242196729415,1.0856084060845108,0
-1.7914563318108332,-0.7586407969189779,-0.14911336701507252,-1.8864781163305697,1.5989438649655514,-0.559964584172428,3.560726295103659,0.5770168114439798,-0.7830143992643783,-2.0591740309755053,0
-0.18024686719803695,1.3888836765670967,0.19262050898573893,-2.0493431997054032,-0.05535805777698597,-1.9703603692635772,1.821806653141089,1.3902650822734621,-1.1814601171767103,0.852176577407612,0
0.8508132820757681,-2.3035413717625595,-0.15351664437061396,-2.978450109192487,-0.45331631492964863,-0.8446657959540974,3.2550288465972965,-0.9590037266006952,-2.1541820500839224,-0.8863256411763527,0
-1.0855260757614773,-4.068185132725029,0.14965498632534457,-6.704583806735674,1.1794375985987544,-4.233577384503151,8.834922696205613,-0.5557270160302901,-1.416558496319494,-4.198946467746597,0
2.2925389858994194,-2.8644513268969245,-1.5892800149548916,-4.727646281077547,0.40007313547339246,-3.794407614260688,5.509381682158488,0.35401608387944045,-1.024751339276936,-1.6057741493000963,1
2.1598219018788853,-0.5248027280275913,1.7479201372164614,-0.5255696679737023,-0.08913762177963762,-0.1505579271925097,4.2245710840465724,4.696392463235792,0.10704470773389219,-2.7647432800696743,0
1.0420233727258057,-1.713926431673288,-1.26374825155811,-0.3424178156097118,0.0027389595274595383,-0.2725329862178908,1.970739994667197,0.5054617210741787,-0.8576133218891346,-0.1905066766060357,0
0.6719194242070995,-0.8203832656400316,0.380929693529483,0.5523819602395157,0.18000273027704164,1.2053665903520334,0.6126096652156389,0.6057353484163875,-0.331096849045717,-0.8663114353686012,1
0.95450339452154,1.8781189770080153,0.08806906149316879,3.3111299835624615,-0.4374219543281932,1.7861750076208571,-2.6844742831236568,2.3983030609050155,2.2626776048000314,-0.29411056016383197,0
0.32312400690405624,-0.5538646957502208,0.05288896654248478,-2.9437201658315026,-0.9459345925413448,-1.1938486175095766,2.2272750022812726,-0.4608246709614561,-1.4467674744422858,-0.633853313284932,0
2.9018408490299317,1.5272522007980283,-0.551644423055611,-3.3423667571935893,0.906283541653225,-1.7621887905840616,2.6946621103989035,3.018807749903961,-1.8366605763818935,-0.05818465936891237,1
1.5152620758554778,1.8885792115594313,-1.2758883153648957,-0.9578416448408765,1.0259006840956837,-1.1324263721638699,-0.4863283374455956,1.5021680128544292,0.7364612734913432,0.03587673660778978,1
2.962249062288871,-0.5000794965868316,-0.18105772860321714,-1.9797609475842048,-1.1262852204817764,-1.0546397694032636,0.8514561188478516,0.37388960921481706,-0.41529730202306175,-0.3595944004803717,1
1.081385740444185,2.5434793064977614,0.2665695027536206,-4.049368547246827,-0.4197456439659345,-1.7896539749851965,-0.21468802721782368,-0.26147295045619345,-0.5915939056500809,-0.2578854350255334,1
0.3215661961400535,2.0763814974747756,0.47869109464512416,-1.5628439801474319,-0.3838150512224086,-2.160080922412887,1.5378224611076685,2.3007478265550763,-1.4803005908533435,1.9417022933816341,0
1.1148934156848609,-1.0889304601180825,-1.4555436076157198,2.9799345211207933,-0.6898971358339308,-0.3187245101048573,2.2867777348809466,3.906859697718864,-0.46028776892599754,1.746017430453998,0
-0.10817062185271509,0.8350001935700248,-1.6207223110691744,-2.660544107173525,-1.2292406303112395,-1.0492746298578848,1.0610489803563574,-0.14734430388048092,-0.4402911112824181,-0.979482243648799,1
2.5270809772277865,1.5891489950117401,0.1963886552640923,-2.0990464817883905,0.7557224666872844,0.8494449095242709,0.9491878835970994,2.1232854872771765,-1.8360493893578926,-0.8977271920338106,1
0.42054922162177316,-0.3373834946890543,0.22838653046054913,0.001727669063974535,-2.1265810828191976,-0.9765905681911233,0.30284868179136853,0.041799271835942564,-0.46712877468331576,1.3758021811742136,0
1.236568889703314,1.9805444642538659,0.5308349966845378,-4.381313727434414,0.5681037923896936,-2.5023012302663146,1.0177796688112188,-0.04081228533746972,-2.3139661964646443,1.427822008462784,1
0.9847842766442205,0.5376583923444731,-0.6528208944545693,-2.330790582712082,-0.418517894613271,-0.3532681239011922,0.9591210007717553,0.289746093863972,-0.4958741442446045,-1.3412718377388928,1
0.6072783182308686,-0.7675268540096549,-0.018964061296865592,-1.9932233021505084,-0.8380429272019556,-1.0651286945596343,3.651653569837859,1.4622148944718274,-2.5284923472953245,0.31424102561903666,1
0.809977524671878,1.1440743527277157,0.8874777433228473,-1.9153434430085614,-0.5891349184119888,-0.5397837943804881,2.2227645207480315,2.2903769395811926,-1.1692485228999372,-0.8002606925536497,1
-0.5860834007571907,-1.5947463936126343,-0.1283041326844083,-1.4412091916338055,-0.14008663231982987,-2.108881621547585,4.694065052999231,1.9286564465475369,0.13005350323275944,-1.7494755631637577,0
-0.3372091917275556,0.8523732404903537,0.0678438156517689,4.134184247304271,0.20020306671447619,-0.23985420083047326,-2.9024021600540575,1.0093102228009274,2.7970735488395393,1.952383635806194,0
0.2443576282010681,-2.6033442122529475,-1.0429280698246826,1.4220071800810519,-0.7681759175209151,1.1164341086522656,2.3093669155194445,1.2430245510477296,0.8613298332645498,-2.478871132202242,0
-0.12525727941121956,3.271726774957874,-0.15863604266354045,-1.865572493649075,1.6062057723402263,-0.2973543913155673,0.509921435611601,1.898436064165172,-2.569571573247594,1.564095275717789,1
2.1171169476958394,-2.498012863533831,0.05060697105660875,0.48850150367216794,-0.762624604147457,-0.412431598450892,5.342641273667829,4.1674657871726035,-2.255208321211155,0.17600570635919954,0
-2.0046821719380867,-1.1924592896982373,0.41307281711926436,1.3989475202222257,-1.8378081807103552,1.2476634253621166,0.69735453775616,-0.39873327991047414,-0.062359415204411905,-0.6809112506067388,0
1.2852839246270804,-4.525706548734133,-0.18910954219024617,2.2658389280726983,-2.5953225439189844,0.8397358816793412,4.134470624294413,2.137101805903136,-0.4698705796212185,-1.1760654086870852,0
-0.04099146322146907,1.4339024237194244,-0.391677860257206,-2.4262327939768125,-0.5725939220416412,-0.48902282419095583,-0.9751278280091323,-1.2646242991796786,0.6515113882218466,-1.411945812955123,1
-2.02470334437458,-2.861545635026551,-0.32638022537381634,-3.3167698301941315,-0.24805111059108598,1.753722045219366,3.7906194945920135,-2.446216914548704,-2.0963241771908105,-4.336003358653987,1
2.3418414112743777,-2.165627310856875,-0.22991784648386507,-0.35415216280809075,-0.22687262172787573,-1.6351187813834331,2.2233553772404404,0.5155043870460767,-2.8387413963023134,3.298128760135186,0
-0.4274378696981951,1.9061647406597988,-0.24634304859306663,-1.6007501479471655,0.17267124651244062,-0.8897696823114146,1.7973402547957864,2.1681545526675516,-1.0812965052628862,-0.04304049317376446,1
0.12273158320039546,3.584764488659048,0.7159873145596741,0.19599903678188646,-0.2641798916778417,1.5184386593561177,-1.2469522965233735,2.1124904076587168,-2.3575610206749342,1.9732072373574947,1
1.3057237347679695,1.0526622221963597,0.33716289477338807,0.6703914093895409,-0.24751516404265053,0.41575582724448634,-1.1681067870453823,1.031755784645307,0.27271304929926576,0.48793737403836884,1
-0.4589341154151434,1.1458322808355166,-0.4940274244398329,-3.217625249026142,-0.10048283419919779,-0.3893249132001922,0.5212163443197665,-1.0289236307741563,-0.9668110348349657,-1.2004081130964948,1
0.6693302139879931,1.2733729031978225,-2.054729579298353,-0.8153233125276547,0.7103625656914921,-0.7352191293735055,-0.8852668983980407,-0.12586067732831907,-0.8704933100881935,1.6926773102559047,1
1.4679871132574043,1.5056097298943305,1.7730257089275474,1.0973133105459087,-1.0056304658265882,0.14661060774342272,-1.6877153005736703,1.3973737805899797,0.8400385690240599,0.7826084103518685,1
-0.6929383488767671,2.4547735467178295,-0.38202155156256,3.453275942957273,0.47503811156875925,-0.47609614423272106,-3.070437049654841,1.6690973817443708,2.4437028446222335,2.2243619760505693,0
2.3064725887487927,1.4741755950988833,0.5881912239406989,-2.2794833838105015,-1.6827881013008268,-1.2496293276912596,1.3045360852366201,2.4228078384260887,0.5770339875694412,-1.684184151112083,1
0.17185250972604482,-0.7458224169116792,0.4104153455417688,-1.060366432186415,-0.5211249830658797,-0.030342153688988294,1.911605805446851,0.41499826854915156,-1.1317357511737454,-0.6328750480106817,1
-0.2560688589601663,-1.235463798518383,-0.5641601960859919,-0.9024111003818802,-0.137644481284313,0.47394311532387357,4.208265583411191,2.253568856008102,-1.3348034697318782,-2.1709427653032947,1
-1.5431423363471615,0.16425282592758117,0.5448240787738151,-1.4625228780661426,0.9020460102989433,1.7700643689967552,0.8787325374134445,-0.8224130108977643,-1.2454071719853415,-2.124737655936393,1
1.4364912808515953,-0.17628839315359035,-0.12007218696012799,0.5769381245561914,0.6702581741631566,0.8238923914674083,-2.2401449488721696,-0.8844251516229327,2.44660194360865,-1.8356336267856799,0
0.17300549622152395,-0.8508852741310831,-0.5586109894636374,1.431685775873615,-1.7030635347426857,-2.4308558137847696,2.4996481958237946,3.061564888635848,1.9156935029305073,0.07084067147888917,0
-1.1204193892447076,-2.1304719522979294,-0.11924632934132798,-0.2067172779314767,-0.43550081686788594,-0.5155160134586934,1.1556009881880887,-1.4196112220410895,1.233238104927043,-1.7221413358237236,0
-0.7359897263570216,-0.7856427624015209,-0.3707971830131435,0.10199119846069482,-1.1892047828627155,-1.101991810166228,1.832865433099844,0.8474335486197214,0.4282884910575492,-0.3208025005016037,0
-3.9900367788310875,-2.283229116134108,0.8000892676006843,-2.846442658462346,-1.4879687311138077,-2.3812731120974577,5.542684355910082,-0.8539155461108134,-1.1641059277615062,-1.651981884715112,0
-1.6563989738530593,-2.384798280707557,1.4382630396197202,0.1436334816715208,0.3129317179927847,-0.4863216554077875,3.8077919350378195,0.849877812665968,-0.17134300405081038,-1.4838412256242037,0
-0.8427124087044997,-0.7566762691361615,-0.007398531874870829,-1.6052323645917417,-1.0305303300796802,-0.8456717707426676,2.3703343066610154,0.21723921008605251,0.48996270188899116,-2.249805711058533,1
0.7224355214136272,0.038822378684646,-0.27992475483651075,-1.8963971018378034,0.7821195894838818,-0.8536689517984306,1.7542596967236042,0.8010313474329671,-0.3252781238879183,-1.1517646845220622,1
-0.32263629915190206,-0.09504119745137263,-0.5689097188143424,-3.555625858663746,0.09649992059521785,-4.785375400037217,2.580774368943023,-0.38586359768383005,0.14993418158466298,0.7537124375869642,1
3.702139674225725,1.0131988827269933,0.5986471435793146,1.5908654628694088,1.8080669092673989,0.7247333175160025,-3.462061681507586,0.8773018379623974,2.4816350427927727,-0.2296805452120958,1
1.2379378952939974,-1.5356848395983123,-0.5074358929930701,-0.10892865730668559,1.1159907627080803,0.2939637013874421,3.7305002066298263,2.9379661576289653,-0.3917682099954286,-2.1361626012134796,1
-0.34789215926109596,-1.218233086462439,0.05929537612715886,1.6371420274696453,1.2958609829609185,-0.5438113917795759,2.9419863280398295,2.814903173110011,-0.13669834865470443,0.2150492727924025,0
0.26350260212219523,0.9963080886460216,-0.6645692885239254,-2.9770282520841738,-1.3430264599758157,-1.2917907767076737,2.7355756119170938,1.6732803202526432,-0.7593756798850548,-1.5597527046782138,1
-1.1756865242480148,-1.1757222795401607,-0.32407819309994007,-2.1268261131212136,-0.2725652121619343,-0.7779790045317566,3.9348338841748807,0.5597462351610079,-1.4946546918190837,-1.4394512549342018,1
5.208277709801246,-0.244391213723836,-1.4518795225796601,-3.0358754706837483,0.6758532086638542,-0.5419233836512121,-0.246711017296302,0.0953211166021607,0.565301271636995,-2.0984501232052155,1
2.905842517040215,2.8584702507024327,2.296530978161277,-4.8392993605631585,-0.13593905207225088,-2.225321843075048,0.6985864232921498,1.2483126636935067,-1.2130077395201537,-0.1852732822062404,1
1.4890244454314618,-0.643791297886227,-0.5980527612393172,-2.181540267598103,0.16357797313547814,-4.611849225287831,0.7383855553082331,-0.4964533898800687,2.691724965009277,-0.13448012815642063,0
0.8879222508786889,3.247490254802729,0.8453896228280451,-2.1731854806264264,0.5622653454908351,0.12827005848523876,0.014136284624013996,1.8638335641950887,-1.6086049114994623,0.12275079518204779,1
0.9377224218425757,0.6710589881568604,-0.6926346169242549,-2.8639996082648365,-1.033908507252125,-1.1930751890927782,1.3623221129041556,0.2179360757711074,-1.3894097660744384,-0.09117399327144893,1
0.9107909115685558,1.4634598756811656,-1.3056088464415596,0.884605346646248,0.2358027786207813,0.9271465347178345,-1.3843175637790452,0.98129303495913,-0.9046213250683948,1.537204540186802,0
-0.6498862463366849,1.561007212279218,-0.18886418912744316,2.3342866081527633,0.00011916463078231963,0.7780161334408919,-2.7474258176319233,0.29214352222228046,1.5353149245341284,0.8463295615338575,0
0.11977728569406199,0.384036830880667,-1.4390721494665006,0.008636452272629401,-0.17443788415447786,-0.7574899388798452,2.5411166214450005,3.0206932623988365,-0.2965882398738854,-0.31190332020560585,0
-0.7252029013083412,3.8056783724885888,0.030631580495506943,-4.93245630613423,0.5948141211039987,-1.0146552045095092,-0.6060534281518194,-0.9848886034442035,-0.9546968400462479,-1.1064776214507532,1
2.404717988640245,-1.6450407149388073,-0.5614571167935007,-4.012175831826884,1.161221254929331,-1.0625792222094064,5.294295754724507,1.9351473448631966,-1.9694424575173468,-2.7605838383125194,1
-1.5378519469765277,-0.8796581475746138,0.47771840468364807,1.2576991289636221,2.8896309157922198,-0.1496655308444662,0.8542899878735225,0.32676870190806867,1.1348349976269767,-0.699536003990093,0
1.2230175044482008,-0.29627429594876553,1.912273664167627,0.4224779203141615,-0.858579408285557,1.9181879759233016,-1.0950429793402383,-0.013329566466865339,1.9639619551685379,-3.246085088312938,0
0.40928966437716185,0.3007135606547493,0.32251935255512243,0.43368799267172853,-1.4381674977208194,-0.9527967287898615,-0.8543178230142681,-0.15987113759486815,0.02713618333770318,1.8142354027601613,0
0.29854381033248045,2.360963586274401,-1.3028211522084294,-4.2343108419864794,1.1287347127129583,-0.9573134909303985,-0.32190362346072454,-1.264875956365379,-1.911155228976367,0.22108819419666692,1
1.9292638096584576,0.9020797262355097,1.0604008472183946,-0.6236872613224166,-0.4575275288980453,0.7919317462957394,0.6023048689271863,1.961444298814009,-0.9879209187674912,-0.5010610203468382,1
-0.4278224597027275,0.019709605989964296,-0.054140192564259185,0.9009446238901861,-1.5388709045520181,-0.3195096071842043,0.8720165985105895,1.4835974324580978,0.8264231011644496,-0.40861676284135084,0
1.0907882112254383,2.990791014853653,-1.3802265844574806,2.0116554555691963,-3.28114633510719,1.409589485447248,-3.677750987542947,1.1709824548389713,0.07799148348514595,2.1555950356232456,1
0.5632981917166393,0.5512995280819026,-1.1926334286679698,-1.8587678799117642,-0.7202295768803499,0.016021546215580384,0.32089488299832364,-0.31649079115192524,-0.9859863442633247,-0.47729284669749,1
0.5961357268053862,-1.3902648800959405,-0.3211700501784148,-0.9773737020486389,-1.236859851756328,0.7002581845587834,1.201668982448212,-0.2884684274283884,0.7773997499301941,-3.0591495530601174,0
0.31617074949966517,-4.282524943880131,1.6111822712291484,5.633448744332543,0.9244676640383491,2.1199867433171935,0.7443715866033014,1.2699100474699678,2.258599665964299,-1.08367466436725,0
0.7657658363358595,1.217548056919666,-0.934130556188986,-1.4193501961695414,-0.8727736140177415,-1.6140636646403879,3.690172408151605,4.109883066452303,-1.4287968547688987,0.15390522051527178,0
0.5007677120788262,-0.035643458269854156,-0.02706531521527947,-1.3165175734610053,2.1408418670252685,0.34235926123221483,1.4297008548051025,0.6861147122696457,-0.7989514684426795,-1.2823027139684267,1
0.8176098064675809,-0.19468524155910694,0.8280708536152909,-2.2362089426487284,0.8958407277313135,-1.8360853852931345,1.8784967497131124,0.058426834330239874,-2.3708585621337974,1.8190410122164689,1
0.8699556398297932,1.1225848128560365,0.07863618371941772,1.8387339479596592,-0.13511911713778296,-0.5617124721697423,-2.542042210984514,0.6322086531994215,2.7863278531755027,0.4086211771838266,0
-1.2290044077364308,-0.7596258934265084,-0.6140150266033,1.1407855745271025,-1.5226130506258406,-0.13149470586104706,1.3326938805972268,0.9362940280710743,0.6291232711402535,-0.5140860630615538,0
0.33459259654864704,-1.1532490209073838,-0.11250656888124791,-2.8492402692064895,0.35707718380699344,-3.9603271330814227,3.1125143382117106,0.14903512969923083,0.7920153244125694,-0.6301663438048177,1
-3.5641181711167897,-1.5903813946545622,1.6052205652527907,-0.7335810065178423,-0.5338248247869027,-1.2261779264899382,5.600206898211719,1.5654182884324013,-1.84959272837199,-0.5420731005811454,0
0.684052710855149,1.1265874716146584,0.8416919562309917,-1.235532323928154,0.5200024336370896,0.39036913918444194,1.7033795683873805,2.106826800915014,-1.739501833227329,-0.3515120086880624,0
1.5025063862897543,3.6043009140455906,-1.156589937487655,-4.696812421356967,0.552364910366996,-1.9406101735241887,0.14871936486325354,0.8907695859664219,-0.748112981261227,-0.5784862750555632,1
-1.8315813999043151,-1.8056391905579654,-1.7268651995590198,-2.0834108158020443,1.1008964785264748,-2.9784309492997565,6.63774853214731,2.390420139686656,-1.0904742544647745,-1.1070078407387038,0
-0.04954914743262395,-0.21106748552175758,1.522372075923917,1.012408670554771,-1.518874323762782,1.4599728179165445,-0.31112708726685673,0.4996750807836245,1.2768508773922294,-2.0299037932498765,0
-2.009521224787539,-1.53848236807163,2.5902257730396197,-2.8396534466131436,1.1213559784523626,-1.9644065761615679,4.417055892001815,-0.13558547202721083,-0.5264444485893616,-2.0878032375945255,0
0.3591958140243712,-1.3986015797462907,0.5603026172028406,0.7464235918853077,0.42659090236479036,-1.466430811609497,1.5590977200075278,1.1423691562443499,1.5267149118047683,-0.5078066128084942,1
-0.7820690486465931,1.8077140299211394,2.9039705011036094,0.9687735918529352,-0.02396379053880451,0.34478977661282784,-0.8811277939659222,0.8859831031273903,-1.5103535545034457,2.579012588561417,0
1.225188250093948,0.6267785992282682,0.07426446562186165,-2.2882869616865213,-0.06907265580202354,-0.41803473935377666,2.4363385060073464,1.6968335031682944,-2.6303673102241136,0.2736881299729437,1
-0.02270294493528291,1.5636181492371346,-0.6952108639776798,-2.9307340500457797,-0.23931985779151885,-0.5244814444604675,2.0852471462541713,1.4386658059167736,-1.0502625940765267,-1.6303410439550325,1
1.78700266725136,-2.1106483483087,0.9678751212346606,-2.4853700879639877,0.9513594774380112,-1.5056683775346882,5.812481318632042,2.4579534730044337,-3.545673731578673,0.27064711941886965,0
0.23439647703178768,0.4278074909937413,0.5894190744296706,-1.3979963203505095,0.6774538812665354,-1.0548821948541574,0.07296580860504867,-0.8585221795097773,-2.2367984828183856,2.5192191166328772,1
2.231651918744337,-4.255172188144024,-0.698508379181089,-3.036342788662599,1.0410835771573619,-1.1310245350459682,4.741685412732573,-0.972040781680882,-3.803673314293177,0.3031224464578572,1
2.665548848222927,-4.9620495621168486,-0.1910412126489959,4.538159879620246,-0.15422502849662043,0.8723948773459427,4.039904181048663,3.809359940909517,-1.073578125630001,1.2225237659929604,0
1.850710724570007,-1.504058990542664,-0.44259631147550643,-0.3470609376843365,0.09410693633801069,-0.619838658877629,2.813570135148478,1.8710233113947312,-1.502638613077484,0.4222104261554976,0
1.3637501922151865,1.5937152333801547,1.3598660339021318,-3.419714601811981,0.8370006144406237,-1.8819844861421144,-0.402004719515423,-0.9440228818610525,-1.2867259080409026,1.1627007037713248,1
0.04543281246589159,-0.701959663542094,0.0013251564784407992,-2.946108219525663,-0.4154698114899848,-1.6361341335109212,4.863110769463933,1.8368599505020864,-2.3420390460589884,-0.7050051507438291,0
1.5752846245032543,-0.9630755397317765,0.5830827141357942,-1.5841075349019402,-0.13281480171636384,-1.2480037734059408,4.37492546926004,3.0516169108446016,-1.1874410313693105,-1.073166947442457,1
0.004265722031427943,-0.42993911254571293,0.2556111305210016,3.002866406387265,-0.8567281099370095,0.16822393288670578,-1.5562099770740718,0.3675823212971528,1.664911892786152,1.1135708291612123,0
0.691558053524379,0.544889269762412,0.21646299400337007,0.6143208452582877,0.5351136102785711,-1.5204841811305314,-1.4860622532250933,-0.16368231683970946,1.0899981152382023,1.75383908453382,1
-0.18353031576806955,-1.3785166523795653,-1.1442818095096863,-0.34410112818445776,2.1527749936378915,-3.5870724854567193,2.945907860858249,1.3918675287661137,1.4039373950508225,0.2535343943209005,0
-0.0542575576419938,0.7494663362637801,0.6837590791423771,-2.060951535758982,-1.2121590730883582,-0.8341487240669523,-2.206486552842663,-3.0692096416384818,0.3817241278028263,0.21352092073373752,0
0.9625288822857949,0.17741009444002076,0.9695888427101914,4.2672193278627715,1.3175660478161941,-1.5642678326992023,0.4875625150997408,3.949251818421919,-0.6681390862184697,5.334455099375767,0
-0.4174515179050522,1.1659658269473292,-0.5630722735201331,-0.3565530903551804,-1.9352825993318024,-1.3800100540860178,-0.4499014131757092,0.009885612937055588,-0.5038504902642892,2.0422555729677443,1
-2.124979801097485,-1.0554931429104302,0.07809349863533165,1.199993726822424,0.9232270621453816,-1.4094740944301818,1.7842185124981613,0.6269308585422844,0.7639013050793889,0.45236542083295506,0
1.9575901678832965,0.1388352191698361,1.261016079816825,-2.8992917238122473,0.0915829660043363,-2.8123634857009137,5.5004308455588635,3.938058887071227,-4.12652195237404,2.24187199303344,0
-0.4864356158009586,0.23595712454947315,-2.770132601464322,-0.31519738600485603,0.5973205911288577,-2.3585207319889196,0.38045141857461484,-0.0856808849798516,-0.3475704437207694,2.4300962583246095,1
0.4947057604383363,0.4285359602293729,-0.8870662621252396,-2.755743176019848,0.9977769838410031,-1.217350365044409,2.0099482942547304,0.7172072052099568,-0.25917984573357056,-1.6214668336650435,1
2.9706167657987423,3.849768365805674,-1.3471554786212332,-4.311348188551377,-1.002069961547726,-2.4913141161148964,-0.04697332300229348,1.6762430501498402,-2.0202269938689295,1.8457654444831821,1
0.9442747931650054,2.686345021177077,-0.6126590672364404,-0.1925067807930208,1.7319418881024882,0.007110666592793247,-0.7650503213057023,2.2440647351250034,0.25966600898561265,0.10242649369325019,1
0.468524623175406,-1.7888382051581935,0.5708665084653566,0.7223815900915024,1.133928315284376,0.15138462129389585,4.31614611108628,3.5017459180553967,-0.30899321323018747,-1.8124402036768525,0
-2.7326431918441596,-1.0665381064715511,0.16592632527294973,0.3804439619747231,-0.06210831231450234,-5.56219878081172,5.896674676513306,3.712545675456263,0.566227680686908,2.0830954155430996,0
1.693536119302224,-0.41107633322712167,-1.5571224406459203,-1.621061641842857,-0.2568757764783098,-1.5158904916767957,3.8956001003409404,2.864958065168958,-2.490232770345332,0.9182675635458514,0
1.1656576248299149,3.0962711335612223,0.8786973865319827,-3.562550643071745,0.7603407684944404,-2.7197884150594733,0.02086097558153208,0.8454788420390815,-0.6030833763024568,0.9892169501414596,0
1.8993595680793434,1.1635179715389135,0.722374318633658,-4.4521116492654444,0.062306629564195304,-2.15014204395757,0.7927005628013519,-0.43872695685132124,-0.5196327754311085,-0.8658364058252073,0
1.1259730146993217,0.4781203033932502,0.48108969729234924,0.3580124505607248,-0.4612426360492648,-1.5552145822389487,-0.4149828052634482,1.2542999540731699,2.787081290341472,-0.8879441341776401,0
-0.2844392629320669,-1.5013674122554967,0.514278247392579,0.14950622085672655,-0.4643910058763484,-2.0917032448402972,1.0668519300266492,-0.4065432278604466,0.840513920318361,0.7360184885586574,0
0.4378454139133248,0.6424186260571827,-0.5836462968101668,4.0560570752801155,-1.5988752772685617,-0.40934486333689585,-1.0394253761409171,2.807174280476719,1.1905600506608656,2.7824195849302207,0
2.772345214055986,-0.7090937039337006,0.05014139971090901,0.832678012568537,-0.902297848285665,-0.7563403544712946,-1.5127576925939783,0.02317885184364965,2.0218581717006403,0.08912305417649147,1
1.0909559858609275,0.580526339395536,0.3881601351784203,-0.6236452336000424,-0.33531952855311037,1.1216582741108443,-1.5832210797830006,-0.5261469891379993,1.990440340165914,-2.907250902383282,0
0.7325111788249091,-0.663243917729696,-0.916934543778725,0.4714106482870595,-0.9368570410063899,0.9865744944894566,2.2973383459750814,2.3448225982132374,-1.1745664669161968,-0.7273823482295924,1
-0.18295914798469093,1.8268146652804316,-0.22519301025751678,-1.9445175359534226,1.3205892314207268,-1.614704616368753,1.068863222584539,1.2447704283331609,-0.5413336199470187,0.29343451041901547,0
2.5506707053023185,0.6752770094335897,-0.17613515630801266,-2.3446300180897963,-1.013074173504885,-1.0030311708604607,-0.09091247496957165,0.01493873715417271,-0.7385946632293929,0.24214733189405957,1
-1.1076815193425786,1.7227297005109024,0.3060812636949944,-2.31905141590963,0.00327941034353438,-2.4622644815808155,0.5317702033755947,-0.48237853374745754,-1.905294708002265,2.7094178034531975,1
-2.7054806631942565,-2.259237251812898,-0.48845819182243105,0.32055616263240366,-1.4930313054332243,-2.1458673560639796,4.851425760786996,1.4658556646302978,-0.5364806583325272,0.19738851370688348,0
1.8844829155543323,-0.13722195962235229,0.3250063473124096,-3.050565786123574,-1.259236700907784,-1.343916459334809,3.784401108918448,2.4166154870657213,-0.8832283921311993,-2.0342818076087177,1
-0.251726329826198,0.33007671443923253,0.7084008756334508,0.5050294672197957,0.7828106379661857,-1.9252374354935173,-1.7781951917868406,-1.378937492542604,0.543649678108993,2.8503578636335174,1
0.2096767257285873,0.6139522146552338,0.14480745875467688,-2.2385667596363517,0.5116480693228675,-0.45417543303402724,2.9976774261972468,1.6932479857419622,-3.1467252685542437,0.5784850899222568,1
2.2778395339101887,-0.32910687217034273,-0.6326616146336957,-2.1547277169329755,-0.39071386485573295,-1.7224799130494233,2.115352469961113,1.5538810491906707,0.685488463679512,-1.7328861139189842,1
1.2937716453928771,0.8705185719550673,0.333886200045769,0.024257582787930238,-1.8642708982180034,0.7096733115146643,-0.06810649639052511,1.2657070056443493,-1.4201084081680193,0.9231444813117573,1
2.635358327046589,1.300018378941199,-0.6674720701991695,-3.7920835622915083,-0.13627084310216567,-2.736978111919577,2.747911898788397,2.504591216828218,-0.8301503638333181,-0.5152237621496858,1
-0.2383741550755627,0.8244071208723819,-0.7779640891795999,-2.539698288779623,-0.34009566791370766,0.08482765586874552,1.3850800522910387,0.3808273855746794,0.04278436655323958,-2.8152115009094842,1
0.46648758611534524,1.5392275038176988,0.9594440299628696,4.396029608894162,1.455920545028438,0.225473148262346,-1.6978142987466955,3.586156086764267,2.741134674617183,1.058036047247206,0
0.08172709714639304,-1.537020763367807,-0.9019033164373851,0.28319583202120824,0.42089334503523607,-1.5439478565131637,1.7028903079196207,0.6019146614806189,1.0888225070395658,-0.38055165972345395,0
1.162444386541399,-0.21155107954026686,-1.2932404921737308,-1.1015814297586206,-0.5538267141009127,-1.3540913863854858,3.9337755349763435,3.333116838394603,-1.8113715443547682,0.3605828627008999,0
-0.7851698097192863,1.8405161059113382,1.6273271077365157,-5.111071914878606,-0.17823517258548235,-1.7942686532405376,4.3605503860269055,1.484426064779877,-4.347903854772547,0.41260203885279684,1
0.00647995894386344,0.052660829156179534,0.8848314905012925,2.1465875376477745,0.29090594546484533,-1.3678004685883862,1.2298827157983532,3.0683625899664273,1.6681554408361072,0.5086471656009037,0
0.8241886046719814,0.8127860340686855,1.1284894851163845,0.6467266579529429,1.4023212215375351,-0.2389081103026257,-0.10616635218324232,1.529048799626417,-0.12530126765990635,0.976999977829166,1
0.7166844563632804,-0.586386888928468,-0.921515211288836,-3.8364371518031573,-0.9230776233630877,-2.917711058457397,3.3678959078483994,0.010949520579044636,-2.2087289205260014,0.7172375129437155,1
-0.3726395049982443,1.366276566332437,0.8704861077823592,-1.2243456773820787,-0.13991305881817295,-0.8642361602610363,0.061209026881073214,-0.20418302480421935,-2.7066209762640527,2.9917265685596126,1
0.53758420026438,-0.7257707621305464,-2.5658257889951797,1.2474036248804294,0.5281790024678437,-0.5878538149309407,0.8206406822234836,1.216968960931707,-0.23583458552747283,1.3321781272320372,0
-0.47914761172061526,2.8528972190201713,-0.951761414732602,1.3448840013068337,0.44022516497238023,1.1701925174231178,-0.7954078182240591,2.6509348769875447,-0.6630392595150358,1.0372654639446166,1
0.7219211393010445,1.279371100684033,0.26002306579849965,-1.836439598576966,-0.3141335612212341,-0.8757439911634832,1.0510900634483342,1.2846888273217294,-0.5388563073290294,-0.4036175716763346,1
-0.515018808693618,-1.4473555037780077,0.47638655474090924,-1.812968985215996,0.7070221571037247,-1.549696846638377,1.6841890675981344,-1.2809922874752446,0.18147069979352504,-0.938250270763463,0
0.5116668456286244,-0.6466343727175259,3.8419656536025197,-1.1684031745782877,0.3627530822658033,-0.13260455518666525,1.7136262385407548,0.5667747593778996,-0.1909453706531279,-1.5217500880399604,0
-0.16567017717144628,3.1414553545826687,-0.10691985240702216,-3.059555852851639,-1.073558282815971,-1.7091466835384814,-4.01297174101585,-3.4347321737098824,0.439999574350314,1.443203933519758,0
3.5249244503143657,-0.3900400486327704,1.1292781101335074,-8.14630488260628,-0.7786700910882188,-3.554190075554237,5.175713635409502,0.5030654567578667,-2.0364983484207198,-3.0117504666421784,1
1.8263880143050686,-4.338417798833494,-0.2625463333467119,0.6940395768524891,-0.11555748462020905,0.39051551269616724,3.086940022850677,0.19067721627096867,-1.3325898430371783,-0.3045632121541857,0
-1.0480728395078343,0.24219336054637597,-0.06408702510635686,0.840476378809779,0.7227393494861403,1.0924791643470173,-1.3086253705535895,-0.8462948146905862,0.864186235356987,-0.7412674754026993,0
1.7573915750658515,-1.8781493590844627,0.6777056740309844,0.045445630733066344,-0.20983678814629814,-0.4304383067207373,3.2401234497525673,2.1912978630469926,-1.528387662157511,0.2845993352731223,0
2.804070144780497,2.623907238896245,0.12181169976812166,-3.7326737621259474,-0.4237745429867232,-2.7652983940065248,0.4064160570269423,1.6269974924132975,0.06174717300023691,-0.033027459034697726,1
0.17233426306772226,0.1678793363424791,-1.5976407032945992,-1.0695346503210024,0.6059332605894395,0.495109563607415,1.925766109111305,1.5535664700795322,-0.12126566109491299,-2.2932750656709677,1
-0.32432914057922724,-1.8585160942420351,-0.6269590348537917,-1.3860400895346272,2.8202844274804804,0.2201534818773807,0.19835825832304352,-2.6306532169583754,0.6722414958038054,-2.1921926791192448,0
0.5018580144214542,-0.7957525655428996,2.2203762471001087,-3.001533981298705,-1.0922048759768272,-2.7244689253667502,3.567432702479663,0.6982175179522899,-1.1747182298747343,-0.1303009793871701,0
-0.07779436178087151,-0.6969289190804606,1.1044904289471311,-0.6247848485610142,0.8464448126668551,0.7726906595700682,0.6287472544652511,-0.38802726325767045,0.30402738531092277,-2.008874769910339,1
0.8088531889210925,1.3275290304227636,-1.8157192970159557,-2.514439549659214,-1.1150616342116637,-0.3472440164739452,0.11508259146777518,0.12497712129378324,0.41179905634823366,-1.9802111545030647,1
1.6577480178840234,-0.04031364294965001,-2.0763105932406467,-0.8569285387063369,-0.1526818473553902,0.7633795297271273,1.7395179930924616,2.1021036831028272,-0.03000260923586362,-2.39308907632274,1
1.195823438091558,0.8119868432877106,-0.6152146274280279,-4.093697343389378,0.2384586134198988,-3.3504110667719678,4.498815248867766,2.4730030524607107,-3.0101645377149575,1.2697311959754003,1
-1.5961195437589648,-1.3657975283985313,1.148042373143342,-0.6150877244878254,1.497989687078171,-2.4148529356700053,4.704576571257179,2.123835541761868,-0.3142607915594917,-0.33167581606479846,0
-0.1451358590303875,3.5269670328529,0.5809983205847152,-2.39999701525265,-1.1080976703562615,-2.8107159152218886,0.39779842945567817,1.6533854073805028,-1.4490513994216205,2.6646117347782603,0
2.3135921025788733,-2.809836358622416,0.9955007801210084,-5.911246048259435,0.8027080508249905,-1.746406756729367,8.953300897197543,2.6179528934917227,-5.216334187590287,-2.015338197325356,0
-0.5411258623768724,2.1609470641420714,0.5615439136359385,-0.47513487934194115,0.5185096806448861,-1.3947873282897938,-2.209502767465244,-0.8067296736320162,0.6357073489085596,1.7526223959718108,0
0.48069788241910083,2.0108215242066034,-0.6528992813131436,4.06856930694523,1.8338763544597727,-0.10419755823498655,-2.1943532579240332,3.371920125148006,3.254552037331046,0.8963394368800544,1
-0.05556624645288011,4.072882665945818,-0.8161645409900042,-0.9308924235722705,0.18178462467151096,-1.3175010306418642,-2.748363586611334,0.43597586600416693,0.572769443828435,1.777484163156218,1
0.1796024820904445,0.6033052509856636,0.6390511508242878,-2.706134953295162,1.8496376630278029,-0.9795758771717783,1.1214744088511805,-0.2613327924409359,-0.8224577695683863,-0.7023873017724459,1
1.070630223231545,1.5007286747889697,0.7536943401069934,-3.4129109489579337,0.378734539786422,-2.1496895683596478,3.1617402284877674,2.759571180237174,-0.23171327840269607,-1.774749279003525,1
1.0624385249707293,2.5181379888280295,1.82048039560308,2.2553926888155025,1.0576714881656284,0.21066056573161052,-4.452984041653087,0.18962274841754445,1.3995330445183203,2.581220310190788,1
0.33807989984427106,-2.4522019838863134,-0.31782209792694843,2.685064814253306,-0.9682481293964215,-0.2224982071728967,2.354549057615055,2.0551106077548997,-0.330793908879587,1.1849553144646654,0
1.7231633559949975,2.223080048832556,-0.9229139215035344,-3.1548698813927762,-0.34560407524168757,-1.1398899209800293,-0.6101405670284673,0.07902914227293001,-0.24414827153976792,-0.4324768426538076,1
0.08419840635600684,-0.3075680456928242,-0.2924284894685044,-2.338195055267377,0.534654529878277,-1.7157373382794885,4.1299833931548235,1.9607516228035413,-1.9766855133299424,-0.1337079218867444,0
0.29958563728458865,3.795167866492311,0.056985217432783834,-1.940440014165838,-1.3235898412973084,1.6169766323691064,-2.9315637433577995,-0.4643062352756395,-0.1527603057526674,-1.1871596495594288,1
0.7725721165948016,0.7588761681907137,1.7113936147398,0.40039101774402364,0.8094446779940868,-1.04082374341529,-0.40631601095632586,1.0216200384666045,0.5638897094987205,1.0521615113791598,1
1.921183400126131,-3.018465381940726,-0.11746105107813516,-0.26062304261207647,0.4290162252889437,0.31430884742025267,3.2787171492726928,1.0923013964665522,-1.1988818769008387,-1.1538582556099546,0
0.9078637817007539,-0.5447785803634719,-0.7087612301805973,-0.26345714425580785,-1.7212187248146218,-1.14223488898057,4.105303009575669,3.695785805414806,-1.6266527537089892,0.44567589187782886,0
2.0254283711073224,-0.6673225257099791,-0.26295389331594055,-0.3228959174182824,-0.25433367597935336,-0.13124197181116604,-0.3490541521154397,-0.3910465969901493,-0.9017521790296491,1.109016875722212,1
-3.864692463203432,0.5656172936411814,-1.2710742997385378,1.317033361496205,0.9796080446794808,-1.9147435425135422,3.1194266233657064,2.4887587270290554,-0.8771874046959971,2.140815670686628,0
0.30883848381849366,1.3335140598762318,0.3290843840914729,-1.4249441555033036,0.23433171970918557,-2.1358195643638513,1.671155377049318,1.769953933059916,-1.6444535655917651,2.100339962335285,0
0.3949373363376839,-0.023893448864599542,-0.8708069472056981,-3.1498090849098292,0.6558551419747268,-2.66819279898231,2.715915836515914,0.500351890772891,-0.6580348620294786,-0.359120094784243,1
2.513257456465812,0.2380570045464676,0.422618973498438,-1.7832525220320028,0.8296891677633712,-1.8694232715296901,-0.9946584864879078,-0.3710315572609595,3.039873584771555,-2.0868918491030515,0
3.466651261328562,-0.46681362815023486,-0.6242509812174843,-2.629652204782785,1.0583204806681654,-1.2054188322099886,0.6030154720018889,-0.11301946201227153,-0.6673210000418384,-0.25492990394182624,1
0.1754978962674505,0.1571328196558226,1.3289571585973492,1.3193997371232538,0.210166470700376,-3.6894430118545847,0.38630814094121335,1.8992184455946401,3.294132044898536,1.0479552479689218,0
2.3425105171690754,1.4889352795895803,0.6354840498967118,0.8075427362875522,-0.03289496707770243,0.8048223482128687,-2.163219209867218,1.1121432088352659,0.4979213438785084,0.5338136189279863,1
-0.23637711697866481,1.5519467462227727,0.3088736942333642,0.11711710690280851,-1.4631292683740502,-0.936658323477541,-1.6830820541969969,-0.21100480170189595,0.803213193330307,1.2079476488647773,0
-0.371671491893518,-2.5095390516515863,-1.0844893753798623,-0.2922740355609407,0.5473089377689352,-0.21672371684593705,5.091681558833429,2.219103662478247,-1.4762003591857966,-1.3758103866125553,1
0.8697443287638802,-1.7343604042449492,-0.04955649471542247,-1.276409767547894,-1.09904977895608,-3.0589634613942875,3.3866131613712973,1.4402208248284274,1.4503675421068836,-1.3029717899418412,0
-1.8483564871591363,-0.985085807201179,-1.7209013295631885,-3.397058618509118,0.4733248640239927,-2.1206086307453527,7.255509177349378,2.553996765329801,-3.451412344944872,-0.7226317059902314,1
-1.7348473162973377,-0.23163824639855268,1.315574895775332,-1.1304360076276256,-1.3752147292834216,0.5606533053479292,1.1567546909654125,-0.6904431938785678,-0.21763840715678973,-1.904391693925811,1
2.3437411374247477,-1.0884180381454578,-0.41357243657834347,-2.510534625775891,-0.3764151170699969,-1.196807835369833,-0.18909596218075367,-2.291755614771672,-1.9429378084727156,1.6520301372813977,0
0.9064888875753905,-0.5172781938086716,-0.1658141386641804,1.402678260713774,0.6559059379931226,1.9945471520598084,-3.2143718998105886,-1.880015536894535,2.2832525145670193,-1.7374531468700019,0
0.3778009623811789,1.6734991957776728,0.37539536937234863,1.2465971535683773,0.9079895221014727,0.8643306513162081,0.1546133685860008,2.9007731680128748,-0.31579611928315476,0.33516485784976324,1
0.8986269457442503,1.3561224679041057,-0.5075702253579957,-1.5949382483211887,-0.20010723370908146,-0.565431569087728,0.6523823896137912,1.0281269804802546,-1.608391621596209,0.8648661804397899,1
-1.6141163102992704,-2.545288580578436,-1.6313694029264167,-2.861055416236664,0.22386781527342448,-2.7971697840773135,7.346627791851129,1.889271557217202,-1.6212880544535466,-1.7228354467705755,1
0.9013515859795218,0.030874297818308638,0.3676338069462819,-3.35387131083395,-0.10658236434971656,-2.230244544401729,4.6088042364659225,2.676790209765517,-0.8232400985379985,-1.8739600089954733,1
0.9019480128247659,0.17487540913178468,0.1710814098816856,-2.1951039818763034,0.041179470022421484,-1.9564732525886643,2.324485483144407,1.0031522689841184,-2.126160201206323,1.4632771124822201,0
1.4214299784852218,2.3643701138352737,0.20315172695019193,-4.156972997185878,-0.491967221529588,-1.587783641094847,0.4580086807923364,0.6280645774690361,0.7184737416318745,-2.3873767299881985,1
0.028210611547687114,-0.6015989100144195,1.0376657907377231,0.8070642251409874,1.8199473061146108,-1.3243585964845914,0.245622796241036,0.2547897649458065,0.5998355299244058,1.186822381013216,1
0.9155914271760309,-0.9032965839083886,0.9729804481972373,-1.786205645902057,1.3366532261678796,-1.417121749514986,3.075086840971472,1.0659581350322072,-2.1423254114156145,0.7492341350365854,0
1.245667567995776,-0.6032408556437269,-0.04248749482975242,0.5489054801012091,1.1798924215711093,0.9489596426962297,-2.4643308560411405,-1.6514566044146994,2.4471849226708136,-1.8774645589688985,0
-2.04225506677891,-2.369898352847986,1.6025702457260298,-1.679886156243664,0.06638132247064497,1.8852823948996507,1.8463873093663787,-2.6548690850402012,-0.9738214540834864,-3.355105293354147,0
0.5408246318930523,-0.4180790147010647,-0.30892241568480683,-1.9118508035688941,-0.5395810568495463,-0.3699609636206492,-0.36870098119171413,-1.621293853054121,1.5312979594275862,-2.522374755484277,0
-1.6314585269365938,-2.9470823620850863,-0.26461688068772954,-2.815364234167859,-0.2702362059566331,0.6720483969791327,4.709449818204958,-0.964678022558431,-1.4226898084758604,-4.082431512073075,0
1.8094984001297396,-2.5652640953353094,-0.9418251786005556,-0.34265941380524295,-0.47308241428437714,-1.2436451274208984,4.365740367943504,2.1749305428268553,-2.7101928465703193,1.4935500563357447,0
-1.9987989248955185,-1.8477227605495865,0.4955903748753816,-1.995637353310761,-1.1496701622610417,-0.9729991320914841,4.619339170178904,0.41547267613260536,-0.7209100154606771,-2.4187777933788506,0
2.885831237356025,3.52133986530737,1.153641528091954,-3.347370393064785,-0.8465995688681275,0.372881777571177,0.24511104433148953,2.6940532900716874,-1.0799775692581814,-1.6900537778337432,1
1.3670324081454719,-0.6979894251367503,-0.10130376435327636,0.6230541668046857,-0.5516844146131599,-2.835059887736392,1.2035635478928748,2.0310677387111578,2.8812307563312,-0.4006356682930986,0
1.6494244677110372,3.40664146005396,-0.32063593934486934,2.9536895859034993,-1.0146224868999734,1.1109103180598197,-6.38049286527872,0.11568849984703522,2.606377826733711,1.9637972308344163,1
2.1883091921593647,-0.7623763466649107,-1.18667636971096,-0.4187028962220625,-1.5976712346707675,-0.35869720794213805,-0.003139541246538955,0.06288339322499237,0.09961132903565184,-0.027247212711859925,1
-0.7359782562042879,-1.3236995741434696,-0.8441736269336184,0.6941781581170311,-0.6904964683396003,-0.39248489432222067,2.1305301976910678,1.2361389976334702,1.1501975813935301,-1.616064428028929,0
3.096911662524259,1.1425011649891292,-0.047759297785207135,-3.2022189253046474,-0.5598173606139877,-1.9374355472685636,1.976986988098952,2.212008426833152,-1.0348409534657206,-0.24849946701108738,1
-0.37215095026359624,1.4205411262372538,-0.9473418866766223,-1.2927735468737143,1.2134501368035975,-2.419979946313304,1.0120784157526517,0.9270968002626381,-1.3867263936003702,2.586638220382113,0
2.2183812839374664,-0.3045046731019063,0.1278131055862913,-1.0193676175372222,0.626168348828715,-0.8846414515981422,3.5029631176571763,3.603902383008559,-0.8269537102631733,-0.9001048936707876,1
-2.321749889590837,-3.90927760007152,-1.3423900369281527,-2.6301377357498157,4.314560730587725,-1.6735749835256208,5.022066117760902,-1.8690471582932513,-0.7443196891705748,-2.426789820962708,0
-0.06795780061710721,1.4723426901416887,0.6253522377182149,-0.6448002283088649,0.840786026428972,-0.42240707688720613,0.46647306938499355,1.1639870609605116,-1.4271265026785267,1.318331534146047,1
0.9967453675303143,0.3274126914770257,0.5680119658362124,-4.5628099976532095,0.06810007181269509,-3.869239715241843,4.096013106133847,1.3785000285463633,-1.4608770724547,-0.02947741783245217,1
0.9888018766520366,-1.9974138235743641,2.075614540015255,-2.254432867714476,-0.08613204183588405,-0.5298281964155296,-1.6425579439139453,-4.94571936688366,-0.6069280006307637,0.4454234429718569,0
2.5062373297113902,-4.680934294672794,0.27364803082830697,3.1355455107082344,-2.0190560169550413,0.3078984017064561,1.5827771580591352,0.35562953638911915,-1.1708784113439472,2.3001216142478147,0
-2.2609746082982154,-0.5075713981505144,0.4077736133580276,1.4979841249783905,0.5569076725747938,2.7091178398413494,-1.8013217680275182,-2.129074679428511,0.9311763224357542,-1.7986985319448126,0
-0.5033030504258055,-1.5909638441173952,0.4341065099066866,1.338494419771567,-0.36766312632577935,-0.08393720002822969,-0.8380846943906406,-1.4960342768312274,1.5495360883391887,-0.19645393678815137,0
-0.12017737542617901,2.620774042326145,-0.9694222477001464,-4.602381597730933,-1.1613397370393848,-2.2601293061289067,1.352908106326901,0.4762071218368679,-0.3299280609522034,-1.383308937920467,1
-0.5359665295625806,2.925172941318185,0.8990886318099303,-2.2985915081440287,0.6009969902332984,-1.2668851956802967,0.5406857815180015,1.0776297941750936,-2.1239227643622813,1.7404130152521198,1
-3.2035929869702597,-1.496791146517727,0.4431911286057706,0.2950225867242356,0.6809220689955684,-1.1030140125939496,4.2626749340321,1.385435056255238,-0.6413364434924871,-0.45790174749729423,0
0.4705116605604678,0.9352458473167766,-2.559614728136566,3.650945338942225,0.2858432265257773,-1.0664215459179216,-3.1107707856319062,1.1139391371543905,4.069591444171257,1.1980360245639448,0
3.0242535889777287,4.65635386167818,-1.6663229184799742,-6.71924991764787,-0.05162012323341147,-3.508889760621652,1.1963469911140752,2.0324314429038095,-2.0515241835501876,0.46683803253616785,1
-0.147670419822317,1.6649692386340211,-1.9485460142124746,-1.8285922132519215,-0.13542101801880996,-0.6889946802600039,2.415607680325678,2.471276494842259,-1.6874708166190886,-0.11575163645020414,1
-1.128981537827782,2.7493937534984134,-0.5362775232511751,0.271936694582067,-0.5168594296431752,-0.2995228786301114,-0.9219560067886532,1.1735183946455823,-0.8553505456816637,2.06405335756539,1
-1.698102072976985,-0.9355696174666742,0.4536726558396707,-0.8861888274176192,1.718311946465735,-4.3656928818926595,4.896192360440678,2.5273911912813403,0.6252885079624425,0.3982530861602791,0
0.9166258461226794,-0.9966664667691111,-0.7070566518986786,-1.9340630756887973,-0.9174435658498646,-0.8203528971452645,-0.733640544392123,-2.841193500456134,-0.6715192329210531,0.5713807260466188,0
0.5385283576768933,1.525278337049338,1.2945692382818244,3.761895967141283,1.237886773645884,0.6598657610207985,-4.16868988158753,0.42472823860679026,1.8769274647981964,2.501359589682694,1
0.4999603561996162,0.9734481468919687,0.4081464634213886,2.980331817256879,0.14627917996761944,2.444751971508764,-2.625578567829111,1.1360625501015766,2.1802992049947427,-1.2195777421762537,0
-0.5759473810410852,-0.9917231742460979,0.9946642910177951,-2.389793506689004,1.6033364831509682,-4.356523044678795,3.4309810672900105,0.6355678593171239,1.6927089907617578,-1.0551129421840866,0
-0.22853304980439426,3.001717695637824,-0.7828994308464057,-2.865159597842789,-0.031139815295503248,0.3594025290695684,-2.45669181417769,-1.380998328524728,1.9596715356447028,-3.1869109217416822,1
-0.8665589398516165,-1.7103507182226871,-0.6766993292830679,3.8210565311460076,2.906574564409253,1.284253794209684,-1.1644190303055613,-0.04355472006276595,2.881383493650124,-1.082690883619544,0
1.8633425203677085,-0.8181496962621856,-0.5105302174349162,-5.032047310396442,-1.6205494736808517,-1.6563541195915321,0.8204310848980901,-3.1556296043425283,-2.692966188802629,0.49880437804129296,0
2.272862140593121,-3.4412864732411643,1.427118795995411,-0.28107189167661734,0.6572942853016583,-1.1432730602365861,1.6791920288564417,-0.8359514868534215,-0.49415243318823676,0.5128439179359294,1
1.4418051001199226,3.8328413301693036,-0.1126974614500729,3.376439885926713,-0.6704101529904906,2.5400627595417067,-6.207314942430873,0.6838198431347051,0.7543355867419641,2.720423958604636,1
-1.9813993129931338,-0.28463266036730017,-0.9997164308052946,-1.0221684099150632,-1.859563298470785,-3.4778035623619283,5.678650222515351,3.75336422451677,0.22683650326084726,-0.6405921635203218,0
1.513965522588599,0.0835800851576115,-0.6896739303133751,-2.898131355288393,1.4667182290275662,-1.5306350451676183,1.093049845833799,-0.13009361416615361,0.09165231211189906,-1.2483432897573523,1
-0.9825107657840874,0.6907363799829416,1.8720171328249609,2.290337913976366,0.0028584125751472066,-2.474420969623294,0.09834826793288791,2.1303374417153176,2.3320540514324737,1.711488101443093,0
0.3308312660611129,-1.0288810391680976,-1.1739776478308475,-3.0936272766627813,0.37201521436374446,-1.9299587934743152,4.4819881000081745,1.2373143143016871,-1.7587840146582177,-0.9339270214397954,1
-0.6510047687356149,1.1022001592122563,-0.19243455934814338,-1.2424030924901575,0.18373113099677996,-1.1653951456641918,-0.5677743309035197,-0.7507135725780687,0.3404144706286556,0.2802674245848369,0
0.11963324698263722,0.18638399802511785,-0.20464755623663697,1.522374922367945,-0.745908030228466,1.66938673624062,-1.5090146591956999,0.13680267743673402,1.5389247623804558,-1.4543918359735053,0
0.6374511312633366,-0.770005037467449,1.949260836224252,1.5251742501325942,0.23105390359363354,-1.02610203778848,1.7388860188604478,2.264491686812329,-0.7406103406356569,2.0342516203223067,0
-2.776597875967597,-3.5587904207843843,-0.32557361682775415,-3.4626121907058267,0.6797166055141846,-3.375290080853355,8.314526644585476,0.8374035904735851,-1.6570189160346438,-2.129784526943105,0
0.5627169018616542,-0.2379178507685078,-0.12392696203682764,0.7712406598316129,-0.2913386234263118,-0.8176539825658798,1.1869043700855084,1.7053733666744386,-0.45527927723204864,1.2666041366797625,0
1.4389134786794981,-1.1782171191017825,-1.0839963807943742,-0.6702523064865626,-0.7026520549639931,-2.1131400525382893,0.6789092619503058,-0.3053999959112499,0.2183623889531221,1.095707718060848,1
-0.9646799170454328,-0.8131010834953711,-0.02294256245810659,0.2734768443767932,-0.6404483890588537,2.574664806312355,0.3492820987457985,-0.6339864171925687,-0.5381970623051995,-2.175442864635987,0
-0.16723435237457607,-2.539153010751991,-1.3167163554862837,-4.2030500395871835,-1.2383076292965465,-2.1791420049282975,5.386744720268828,-0.021306986991157073,0.06809498564661687,-4.095854205722998,0
1.739060798670124,-0.5274872254142213,-0.2891408583096812,-0.7019824635577894,0.32598904178757643,-1.2543743079236538,0.6216638593150888,0.15896999458091476,-1.5125857337908375,2.1319016912519486,0
-0.36725384676444994,1.105552326880121,-0.7110215847452243,0.5856607776818351,1.7603940328952075,-0.8158545931408,-0.7394733284611288,0.43037055706404215,-0.22068761728709785,2.002161833215247,1
2.8670161607573394,3.6013767680735205,-0.06446325044644535,-6.229206768838324,-2.3075317409600022,-4.071527133777881,2.572515768215059,2.6756028094805524,-1.9967499938460014,0.5417412184974113,1
0.21699558950157583,0.6112735929501626,1.3629615606995,-1.6830507415362348,0.48268223981028824,-0.5692702856816829,0.26073627150620615,-0.34331562481487743,-0.5632165682487088,-0.1613298606296547,1
-1.2297159257508943,-1.3670927371606272,-0.8715196251605405,-0.18867254996263602,-0.5375273304056452,-3.0310881524293,3.5974554349852377,1.6417055593191519,1.0445055556557374,-0.21585389046617698,0
2.170891725865004,1.2114363796457517,0.4819068662912731,-2.4081706887277003,0.2706735697743046,-0.07747724950028667,-1.18161267752276,-0.7470806300374029,-0.5814182963562935,-0.3225604142618443,1
1.3884696804726804,2.4872585669584923,0.9834539369006491,1.493766024464213,0.026363606952197548,0.9991215428000417,-3.7195787560718068,0.36276238799909455,-0.04132989156997324,2.3486167273435754,1
1.0834791345399393,-0.030954269431693993,1.2651601221994215,-2.3065017881079832,-0.2662882235658805,-1.3614760521238316,-2.3278557819598493,-3.8202091919902603,-0.8256363802596024,1.988317487126347,0
2.266664238554903,0.7748219347688442,0.8149273927720896,-0.9020305302525728,-2.2287353348558314,0.6116714063563868,0.3232293931980009,1.4422073609917163,-1.3221774131135309,0.013698662403462625,1
3.63036271835502,2.913645008822928,-0.8238973017608361,-2.6479975414084778,0.4397754595033776,-0.9446139963311689,0.9765551712606474,3.400994088523216,-2.37888048785513,1.2391187768219492,1
1.7704126725825404,1.2030917212060255,0.883397184432114,-3.7253289354887964,-0.0524061248277422,-2.2819827973753757,2.0630681220796157,1.0692906659723662,-2.2111715618881904,0.9544723034704379,1
0.5898228233095546,-0.06472925939098928,-0.08522870232531995,-3.979797752455578,1.3976264779407424,-2.7904453907603926,2.673125330380395,-0.3850127242725918,-2.3206127552679363,1.012832101837935,1
1.3408047115816382,1.4193303201104968,0.14770380294207686,-5.223655952347692,-0.7646334510485613,-1.9475486174636254,4.002946800646415,1.9688681775082442,-2.835561132505445,-0.950524525029824,1
0.358770012486888,-1.7688377101382076,-0.408508938893035,-0.315285144073812,-1.2772775922733401,1.750431573857363,-1.4278262066575071,-2.937837169439934,1.204288943653211,-2.6504507664573156,0
0.3847695181221481,1.542345860693173,-1.527171398058785,-4.706389026240651,-0.42355762838488614,-2.565311945666703,1.4200914842574217,-0.7375048473188657,-2.4065977457949224,1.0934334470384446,0
0.8416070925794028,-1.2492105812744647,2.4717440404751145,-0.45646769154164285,-2.116457526968627,0.6961942455969798,1.4165962330890234,0.6065388189485463,0.9688094055656028,-2.991430919900669,0
-1.1548315739722703,-2.0111138042583834,-1.2426570049438093,-2.7043751142909955,1.3896492793510482,-0.010686396226802453,3.7191385557361976,-0.7719942556258825,-1.1765288037371253,-2.938990444445132,0
-0.8849148506726287,0.33871781046891103,-0.6752764099372153,3.4396957547049642,0.5476650922124902,0.8852296370092323,0.6622298478675545,3.3176941039545307,1.321696295104608,-0.21007340642450834,0
-0.4231256358583717,2.2960711140006294,-0.007989741478045433,5.213494281091592,-0.8209300647365877,1.8883933375445598,-6.162889944139294,-0.4562277922361495,1.0073733296939762,4.40194108064772,1
-0.34646040643892384,-0.7943233606568778,-0.05840803609407049,-0.4941504925652902,0.6205558663647588,0.5232187082899045,1.7723175059657543,0.5237596988048945,-0.4356859996402276,-1.495501703950512,1
-2.1558747830434846,-0.9384258443346143,-0.9619097673236948,-0.6718411988534383,-0.5526977340261134,1.2804036148320173,1.7208708633764143,-0.728559260667992,-0.7600210307014241,-2.0796634655119766,0
-1.0448166616208123,2.218651941608902,-2.0414298691191175,-2.9696359108229466,0.13867322524468656,-0.28369238508266015,-0.6042198532756269,-1.263518356919646,-0.8948741919096279,-0.5345361220572341,1
-4.2904359501072165,-2.942208602534433,-2.324877062262428,-1.1082598690302057,0.5413522486157797,-1.2035593683278485,6.017604126334568,-0.08827643884409708,-2.520658195310628,-0.4004254318686603,0
0.22578151568078753,-1.65533724922034,1.490538233927027,0.7243441403275963,0.23573968518566943,0.603073263798737,-0.19972864588437816,-1.0229006415312214,0.8193424350827025,-0.9355512238613735,0
-1.4200575655988792,0.22692767277287373,-2.583054468258949,-1.786036285038737,-0.05011998508935086,-2.662069173705893,3.0954107841361345,1.2932364997321473,-0.034018206117274574,-0.27603427885623044,0
0.48217619993893257,2.8835720918883787,1.0673902998911742,0.3143657859518231,-1.3305298461603214,0.41008045848477503,-2.7286357904783345,0.45468830510500424,-0.06326413325716618,1.54055906976257,1
2.011927590947413,-1.8047853985561506,0.7733169109466416,-2.5343811954944826,-0.9034503316268947,-2.1458281924075195,2.8357257056086427,-0.3669829201004935,-3.600297631610773,2.7016896401165686,0
1.8556670112216496,0.4282895006588634,-0.039245769471367126,2.219160427714429,-0.01739457492562044,-2.408764464899014,-0.7345021066766718,2.7270885115115266,4.092411438162554,0.16408815028545298,0
1.866397484106499,-2.1450555550644905,-0.8257819714657338,-1.2681060388540089,-1.3535248405380034,-1.135986934364789,3.3030285573494607,0.8843993291357775,-2.531261211506938,1.1149505953296939,0
2.665512343059655,0.26332726249198735,0.19244373947249482,-1.2881396583489544,1.5650185996831267,-0.5915925254636286,-0.5358367634809567,0.06855698588326287,-0.22068516078941247,0.2698885976485801,1
1.057047901114819,0.7493924844438344,-0.26607979649922464,0.8160220621150733,0.3331878179658244,0.57856756876584,-0.6511643325561565,1.0663991592084958,-0.8167752714525987,1.3164757700037577,1
1.261610625207657,1.6766139594776819,1.5590191088833258,0.30832092814138656,0.029614788880195652,-0.9312352043009954,-2.8145407922604586,-0.27193249708784206,1.3870486612665986,1.3818392944747167,1
1.225117868898374,1.8624023534909389,0.6634869729746738,-2.650399726185586,0.1164697575422404,-1.1845293621946427,1.319643611311328,1.8115980359582182,-0.505416116167753,-0.8502280056880305,1
-0.7488584926511173,-1.6371361965486426,0.5116046775533625,-3.8079152251360866,0.31881141667563684,-1.4760456910945108,0.8751317456031229,-4.118915770688903,-1.309655035573705,-0.4065593829718652,0
0.32172047735467074,-1.8585283686211838,0.8398998618601062,0.2724855283209067,-0.711128428663122,1.5303389784510604,2.6074963255287567,1.013284134404754,-2.0974226817062753,-0.6567093262218985,1
0.812658683398064,3.825006756821052,-0.8930100864861816,-4.62148758471843,-0.10239191249875476,-1.704189824884113,1.4188968342554178,2.3364021820354814,0.1627827761569458,-2.5160775166689744,1
-0.09651792645430912,1.3986285872631314,1.1479071842548112,-2.66274124763925,0.357252356394082,-0.6935966485719292,0.617588010890288,-0.4246776502138463,-2.608285578812802,1.3102448364598283,1
0.689566771915287,-0.06908151485446479,-0.5176750158554997,4.221148842512794,1.9302359912527356,0.2642907868843074,0.7229434241555726,4.281575540187755,1.2734033829946785,1.06670118707373,0
3.9873761710835414,0.30536325176720686,-1.5516916690446811,1.4275065054883807,-2.5939185622126772,1.4302547840840092,-2.1353415860935154,1.398349149231743,1.01466318199862,-0.2611116143773411,1
1.074780939291463,0.9969644001543126,0.700757192650618,0.7855745549932776,0.6187889557986216,-0.24836651010070665,-1.1025701099373693,1.0569105056715764,0.8205985625287335,0.6299348733977903,1
-1.3142497227090422,-1.1992079086195278,-0.3555361646656901,-2.6576822216196354,-0.8026179748790738,0.011407923296675837,1.5483916842859835,-2.1370440742523797,-0.22080400892410412,-2.7103673350813264,0
1.3768574549193584,1.214780704033973,1.5476894363200455,3.629561369399664,0.5253734402079635,0.7951427089620622,-5.621827166406844,-1.1918811797192914,1.2164635856744346,3.8303569021934045,1
-0.9040177905588039,0.4855167396200277,1.1497863416132523,2.553876767509501,1.53508127290714,0.8210541348185982,0.25703136235673396,2.2738049012155646,0.6622636064274069,0.16100302531316912,0
1.82646118567228,3.9370926297876236,-0.2713101281996143,-6.167111005332585,-0.49452164679458943,-4.185296384854755,1.2578624869780788,1.2113503772817498,-1.4831320481119297,0.8912628039295891,1
-0.7249670564539636,-0.4506410016258233,0.901797177195834,-1.2666761791327954,1.5093016728702573,-1.1217716380201648,2.9553535718574504,0.7806487593276247,-2.972355558883116,1.7967979641346419,1
1.2437593209820172,2.8802276129888975,-0.32121160788230835,-4.3178863591861,0.6325326789321758,-1.4199905677114169,0.3466439184382735,0.19336631034701535,-2.743059161689491,1.2160180999522694,1
0.06274872126049702,1.4699152512681901,-1.4339516636902279,-1.2011137919058115,-1.3766793351629765,-0.41393583611438417,0.9945618995814615,1.2715265446339812,-2.1035288570637354,1.338119205156795,1
1.4841073035662786,2.0945007862885094,0.07384542101042219,-2.5763954619050358,-0.2078653907007249,-0.5740323859207954,1.951108604960629,2.8365106606778605,-1.0805921418191777,-1.1590216490879004,1
1.2999877767433474,0.7689154721328955,0.7972839145890589,-4.748723349347607,1.06525617387689,-2.3635382614693548,2.2578120014731327,0.25866237673549364,-0.12717485656812666,-2.1618428336811935,1
0.8776410528331032,2.4074765419519477,-1.5101897621973022,1.4580347501654676,1.099167695160733,0.217878912910203,-3.2941944581900056,0.5188658423903527,0.6901092234415491,2.086177587258696,1
1.462926480645756,1.4139935103877774,-0.28905354290033,-3.810576178398633,0.2482799335065932,-2.852113923453074,3.590986524435834,2.465072911444553,-3.113527792474007,1.6136681111778175,1
0.851334354354151,0.07021675940827399,-1.3164242621632662,-4.9023329648260905,-1.4184186605976885,-2.5579762162821913,5.085903155342985,1.5473864006438962,-3.7090230064751095,0.22833059582108017,0
1.1206972485726034,0.27048785731873914,0.44794447765755463,-0.6854008300001949,-1.2627882980494114,-0.3024018397843703,0.7737243161749197,1.0259676618784515,-0.7012899556870755,0.16458796286034572,1
0.41286782722766524,0.2562953882911525,-0.9821358976124576,2.4416617895388284,0.4351193072463332,1.207698207852305,-0.33627935176975965,1.8993541701946888,-0.1475126867790968,0.9188633395746466,1
0.881851792872218,1.541115506102249,0.06351372164169039,0.640235457184926,-1.1883375542631054,1.4082372224625674,0.3487189668708132,2.6991862055476066,-1.1346209400685314,0.10155048689343871,1
1.84734205296941,-0.32599701465882236,-1.2503132590265917,-4.622679720387148,0.012325562570355808,-1.7285091202665854,4.821950403949591,1.7391896808870548,-3.227974784769664,-0.8169323302429317,0
-0.48030424724924936,0.3885258168111613,1.0305559040532957,-5.5196977802084115,1.7578667969730823,-3.770277599514392,5.121729762052886,0.9440014669206364,-2.2969636278314063,-0.541660949360967,1
-3.648806496358774,-2.3631977506150212,-1.195709516240283,-0.5746743930621593,1.0335377086943915,-2.9079861727571235,5.389553451113292,0.780500525636623,-0.40404363842149804,-0.14026294966480446,0
-1.4451756721930558,-0.9074654858302593,1.1204472716747274,1.4696312348140121,-0.8475345627430533,-1.0915739264143416,2.3099749389436974,1.8698960952256907,0.6336948669081375,0.17437484139585746,0
0.9700351897956432,-2.373060727010213,-0.489526005823773,-1.8087840200850274,0.4256098552045202,-0.7202465709761947,2.082852566441198,-1.245092104682903,-1.4651452752653875,-0.2286892666227669,0
2.364977268146501,-1.2336823744561263,-0.5225573688376259,-0.5324812294083971,-0.8727760146254245,-0.11949831119967125,1.613283235467956,1.6975647249938843,2.0709111894374477,-3.4871631017491547,0
0.9567182775651055,-1.5188944603446255,-1.2914824354106953,-0.5769646538220189,-1.0320289333767616,-0.37958096886965353,3.084739394799171,1.6513658634392403,-0.8975718092371158,-0.8455070479035733,0
1.155193367054404,-2.767225462144699,-1.1282806551563402,1.9127357590784737,0.2502652197802923,0.017259904288765116,5.646086043505436,4.952239951208002,-1.2391912402723695,-0.5358574822466844,0
0.7582306223954702,-2.890565624631913,-0.243379840479428,-1.2884551361076015,1.597223144302708,-0.9156008220560534,3.8281218048355083,0.747334750918565,0.799529165705305,-3.1592801668291477,0
-0.1413755628965152,-0.5233944472136434,-0.3420679100965092,-2.15756512244347,-0.5347575916757361,-0.7014831720260154,0.9310509103965362,-0.9835905217785454,1.0802200920662723,-2.62003947883325,1
-0.7319763547557253,-1.7088177366144355,-0.30865701880700047,-1.4299055110880876,0.7497027757877008,-1.1199736872559853,3.2660539780599724,0.22142102536333907,-0.3872164444683528,-1.4021344808404481,0
1.7018458406529284,-1.0750498475306194,-1.0488540555843808,1.8273766885128164,-1.1704144137197934,0.31524604537755696,-1.921557145140389,-0.8791849143046717,0.14964488178901125,1.971237652529535,1
3.0501687527074273,-0.9906682810141684,-1.5520885705785537,-0.979045972497056,1.5153833681671978,-1.030825389745727,2.332568019406152,1.8463942306683139,-2.3858984338388454,1.6748018891547387,0
0.17809534264897364,0.11755914065369455,0.5188341839471694,1.3633545478386275,-0.3377176989581388,-0.8297217054235057,-1.4583057354843785,-0.42513121999460624,0.07165451576441417,2.6688098288262747,1
-0.06779486086942699,-1.9410501525603412,1.0175959860590613,0.33856759581417134,-0.26160510195060493,1.0280592677859266,1.0479165662939687,-0.12192041730307579,2.2008956710436927,-3.9345183682134905,1
0.6150043965225303,1.4877885719433968,-0.20186719102408937,-3.1121302437757166,1.407430814536153,-1.4752739130991932,2.136170285488916,1.505400385076896,-1.2541824680619418,-0.5528023782530929,1
1.0044373306701009,-1.1303583501652352,-0.9495018422658688,-2.9150334991479907,0.8886686946774915,-1.5845242032355986,1.6604919392976158,-1.4154407018333324,-2.1289023792843924,0.8760538950406727,0
0.5670317891617667,-1.8709105633685659,0.03771386899565175,-0.9136882004907333,0.5763129611362515,-1.358318695998792,1.839832090117142,-0.09298230581257716,1.4714840540788918,-1.9774698365344177,0
-2.495439566945937,-1.1747885669519111,-0.9328604920892526,-0.2796334768149634,-0.09989385219225821,-0.4772824727215742,4.53576649667832,1.9339536649912383,-1.0037818851402605,-1.2866106063640217,0
1.6043960809922966,1.3461189714496897,-0.01181321458521073,-0.7227196371570056,1.1787760001945888,-2.506681607264081,-3.8704225923926194,-2.357678681989672,1.5617559425733247,2.6920544714963732,1
1.9205501458998955,1.8684533323237997,-0.9135276865454224,-4.637735511390395,-1.4834096610567455,-1.6852429952358299,-0.08843822860971604,-1.0069234078376008,-1.880075831529874,0.5350966393682248,1
-0.305205931154479,-0.6122753143675581,-0.6004126544989883,0.655073542766242,1.166872280296704,0.1965106194236127,0.9034322790803331,0.2730436008696414,-2.1668846353390263,2.1314087919910074,1
1.3722009208730572,-1.0051393982980361,1.6086976080383772,0.846926265403786,-0.2467987740327085,-0.660907135541998,2.6343140201101756,2.8530725632162506,-1.0352767263974192,0.9540392658727628,0
1.7217831661468006,-2.1916741134262008,0.5357635653356604,-2.115545746424581,-0.7895200284649674,-1.5578517599142587,3.4808051550795045,0.23705972168846667,-2.9904297156095057,1.3289405618683783,0
0.43608693967820145,-0.6658628921564131,0.13968761818074818,0.1424311539102266,-0.4980140820546995,1.5000417106961146,0.5053267690965868,0.4844755453468867,0.9038860627508506,-2.7879090767010943,0
2.531530905664282,1.9262126177531431,-0.5220134350076919,-4.9898908206592205,1.8443337449150314,-3.1689863110141836,2.3555855399859666,1.7481363087917188,-0.9860874976395902,-0.5377197338539089,1
1.745444184327396,-0.1395774239769777,-0.4106927608099913,-3.5159215406353326,1.7402812732586779,-2.2996629566718534,2.5620655073836653,0.2350925731628577,-3.1278067498169744,1.8129712289847273,0
0.9519531261532619,1.0439541860214716,1.5479386602070653,-3.107195992728297,0.3324150937596595,-0.9298522617921603,1.678072973446443,0.7728290485731086,-1.411787690145185,-0.6978011533013457,1
0.6066217247325416,1.4202320069396344,-1.5984261271406432,-1.574339281665161,-0.3395929905037226,-1.581658721727338,-2.84512567042493,-2.5662925599351505,-0.21149295744497543,2.4267014875447357,0
-0.13630492317145138,-0.9378031694207409,0.5973234309148557,2.320240881338568,1.0876508533100202,0.5467685322674549,-1.8709327449714188,-0.9590492161261075,1.8396485464001509,0.17072174438190568,0
0.7496274071269597,-5.40436885498753,1.117527793883395,-0.8796793978315032,0.9076934222330173,1.3452434444219794,3.4281358529166233,-1.9062944319882746,-0.32971123776006367,-3.852458850485177,1
-2.1282388183463397,-3.000361756825127,0.6321417061724235,-1.9998260371933005,1.206887934584466,-0.7586302659396491,5.254111934840292,-0.06727445201433313,-0.5142491753484706,-3.2816322598750416,0
-0.30314940819780833,0.17679769762143893,0.4082719021616363,1.6241388967635229,0.7678525615830024,-1.5778709510028648,-0.4717839419657955,0.5241184492856675,-0.09378012511516798,3.265874119344958,0
0.4798099988824807,0.09575840552720671,-0.016458177234914818,5.362639912347648,0.5636508997509339,0.6940412261047644,-0.496282437847269,4.033653821277874,2.078398425221785,1.2799229601558233,0
1.2485243686557197,-1.4474836696477973,-0.6244224976047971,-0.9097129788019254,0.6012654522115364,-1.5393843521358543,3.6352579151923785,2.43271574262875,0.760481806119597,-2.006034876227603,0
1.2851945633641082,1.4200649626126705,-0.4490402054497089,-3.520647684401627,-1.573043067503344,-1.3423499932763048,1.0460506442006972,0.15686049536487934,-2.3203346443625854,0.8157061013571689,1
1.4873752719647801,2.4880581719141066,-1.3484205544959076,-4.940919775133781,0.45933406418271566,-2.6522536334229505,2.0501862856426425,1.510058666643299,-1.0341150669198829,-0.8207576212098359,1
1.5016788172302649,-1.3732718791676626,-0.9540683663705949,-2.3376565875777624,0.4673685982020517,-0.9602406670764414,3.8368004158287,1.3483909885179735,-2.17978495631343,-0.5503842825792147,0
2.8240552720603898,-1.7036692584093351,0.24782821632536428,-2.5242971173599256,-0.05339596785140921,-2.3880648070329693,2.3280274560757914,-0.4695124909284125,-3.9878924612961066,3.7041540845779526,0
-0.31557637226976193,-3.0265192594387704,1.5888150312805531,-1.887342804825274,-0.7820280464956482,-2.454039745477523,4.5473056035315444,0.14377244709974368,0.0655225797464365,-1.6016026541858053,0
2.3864989154924876,1.708309499599301,-0.06332791681375938,0.39524143516027443,0.12861484728533665,1.638311626078315,-2.0469552825327244,1.023054921284097,-0.7348004166486485,0.6434908298643514,1
1.231348063455409,1.551784932822532,-0.3887317730653415,-1.773447491254629,-0.6185994727703555,-2.336825995073676,2.826807013585154,3.2972977398050487,-2.3160578454477223,2.1517548524429073,0
0.20434062842370415,-1.0338046028938208,0.5692463229042325,2.3905000447933498,-1.3755536085990316,0.23369110675258398,3.714026545536381,4.7582476386336925,0.23638729436361272,-0.8873771697369202,0
-0.027890246907346206,-0.06455740754394879,-1.918261815675493,-2.9288406080456637,0.7828486774380111,-1.3311872043919761,2.5190518436353058,0.32354785582107126,-0.5046190813856637,-1.6768369018188456,1
0.8229933048342587,0.4032262559021511,0.4645506723769193,-2.942532128551488,-0.421984622596459,-2.0280045038359606,1.619750337419555,-0.11373618995521995,-2.2573924202704245,1.536233141704508,0
2.6589515854350294,-0.5857801494887461,-0.8097493649395371,-1.0030365732740172,-0.8035796584526588,-2.3854935261045322,0.5907726252549752,1.1444915228533108,3.413985034459369,-2.3050356762638335,0
-0.3100308317018483,2.578881038049172,0.08974308771289101,-0.2910706816146775,-0.9122363643038315,-1.4550490824862334,-0.25265899109283746,1.8884141553525424,0.46542485644593223,1.0323539151836694,0
0.2827442936249195,1.8279395366063687,-0.7892486697510451,-3.5113756426635327,1.3669277642653608,-2.406626690643752,1.4940080682013979,0.5111226471434289,-1.9405381121403775,1.2695356503133868,0
-0.8349074568494961,1.2292269279892822,0.209074037010371,2.570141005112513,-0.16617233883393184,2.295287696162368,-1.2215140632110886,1.6677832149369136,0.9878957067610654,-0.874531022813811,0
0.9352996435682436,-2.0978358521411655,-0.5896685783414681,1.8769483306430688,-1.6177779863082902,-0.49219784701716246,0.20862669011006318,-0.02204551139159472,0.35572276588478324,1.3649929822222675,1
1.5724449919000016,-3.936626368348482,-1.5802554715111432,1.2918562116904513,-0.13601497675001417,0.34835143727894646,1.9372366523521871,-0.24353361412272845,-0.8049834988982686,0.2753197770380532,0
1.3896153332515635,-0.6573431155731538,-0.04549045962876254,-3.092371348328295,0.471070871036304,0.9538006119170912,2.669270944954923,0.7226052978935394,-0.32272090621505956,-4.505099813450007,0
-1.8792399049305988,2.382393793652272,-1.920247483703676,0.38006737434127064,-0.8258367041319989,-0.13448845534521625,-0.4793975580745915,0.6666217883087806,-2.575792531891438,3.591491727751916,1
2.3824470082893168,1.9621223543936839,1.357614721251186,0.2916640238584401,-1.4260968344200489,2.0848163203058716,-3.98769898897782,-0.11619627604111116,3.0926842850539806,-3.0109918455724403,0
1.1590501064697767,-1.8668830902390618,1.6677649356227608,1.9529475334301682,0.003446009534671863,-0.35998580045725936,1.8523721246182678,1.9262369935827113,-0.7195416510522822,1.5339136486806735,0
0.6454603654950033,0.6705339993468695,-0.08062682788699702,-4.915844482252661,0.4377759716554824,-2.0298662653282817,5.980965360700716,3.28351863873685,-2.2371748370874025,-2.4687337489822427,1
-1.1379416368642359,-1.9368800058806468,1.3447222035298911,-1.070722144672526,-0.09687166891966982,-0.19674343309684073,1.4857602516856656,-1.5615879471754217,0.7467194939572155,-2.3541856527630145,1
1.0409364923028166,0.6368147226959515,0.6828514198563642,-3.13828563003342,0.8776914124372255,-2.286491726041813,-0.2984943370944899,-1.9136674588351423,-2.017086997202858,2.5144530278633135,0
-0.4329846653964329,0.6698516164043615,0.7780504663623694,0.6413841195410849,-0.480940733090785,2.209078514644502,0.36529250689438597,1.6218183697490522,0.9279619911086407,-3.0857267581831644,1
1.6665310357876328,2.207172961949583,0.3126349427214693,-3.234258257768835,0.05677317778574511,-1.6898404581512554,-1.0304124074569023,-0.4517787109792677,0.06994824679130385,-0.014881987126162066,1
3.151729378785335,-1.7247620848860656,1.4375890989361468,-3.5285807908697073,0.48323496124659715,-4.607580724641298,-0.20928879735757056,-2.946425769191573,1.1412959805091059,1.106251712364216,1
1.1372372142316274,0.7615151318304422,0.8137994252555962,-2.1796034694350914,-0.6484729864818712,-1.3028676361476381,2.8085281715538,2.5456600178913806,-0.6680528567913063,-1.0860618530935648,1
-0.40585212131458914,-2.410671372514912,0.7788955335835455,1.8314188134017046,0.1937778449847881,1.4798562342301944,2.310022071541074,1.369958446407157,0.6041834918703726,-2.2793384974282622,1
-0.7462154966669117,-2.2897325988133606,-0.8285527724080978,0.1639971176769961,-1.8515736145583885,0.4816510932337932,3.5876203220767713,1.431062053018221,0.7105604073419418,-3.324458002301702,1
0.6730450918678044,1.5543002862462225,2.0715930667247093,-1.4872359236595187,1.644514793346193,-1.1242773746090684,-0.21353254204935668,0.4447450622942161,-0.4075094152626916,0.712658828554645,1
-0.09061784938768924,-0.8674868421718771,2.042833101869247,2.0047042824961667,0.9701586577519076,-1.7192223707549092,-0.9700920739793532,-0.16008093001603396,2.677260325026822,0.8971158674627111,0
-0.5505686299111816,-0.585256886486837,0.029775500585602074,-2.722841019927956,-1.0906493804883277,-2.5093043280222957,4.703889803919737,1.7269072994075194,-1.4670068709445645,-0.49319930529882816,1
1.3084973126472113,-0.8257146141513634,0.597995963941522,-1.110006081465103,-0.7214289571049604,-1.4243282490882383,-0.8792704228784317,-2.2058973037562994,-1.2968524767141127,2.616166923267548,0
0.9198725164919086,-0.4446471073041913,-0.11801911212995188,-1.5451276173311133,1.2202172517369283,0.02932219582480311,1.7198751021416183,0.2125998334896091,-3.010242831640041,1.1492119425706298,1
-0.19061886009546147,1.6716056457233412,1.2166348279393282,-1.3238461136167174,-0.9767222470513424,-2.133893084910742,-5.183210341729557,-4.995873162792054,0.17605678949584436,4.112892492317063,0
0.5105694876401161,-0.9940277629457461,0.701324597429081,-1.243143500548375,-0.9814744737426053,-0.6361945977742336,3.0243698048123964,1.2227829587282444,-1.792994504206764,-0.03924403191833403,1
-0.8765112598821663,1.2119771925175817,-0.4448754920810066,3.9129648535786035,0.2598200066947956,-0.8256039967685258,-0.17581900567691697,3.6003877855990716,1.8780566298257648,1.8548962205092783,0
-0.8294519643981824,-1.766623291495411,0.694140957877595,1.3181564492497044,-0.1504663330271159,0.8852394546932272,0.8110432027197223,-0.006257501855977621,1.6873446965381305,-2.3533039596243714,0
-0.5972987258526099,1.5620618595148155,-0.8102149998831705,1.7312614632955325,0.7452758601063673,-0.23928458731489732,-4.840478695184316,-2.219498765761678,2.509956974016106,1.6038369499174463,0
1.1665973505735265,-0.8646847953196043,-1.4046379495637669,-1.3642512389467976,-0.22996194867711972,-1.4182365959231853,2.346660783192965,0.7925956550184696,-1.9660716561093297,1.2967858282599987,0
0.9936339130085046,-3.2128575840273603,0.1897695946605354,-3.2598470664106727,0.7159701154491681,-1.118142425426295,6.152112812749058,0.8827619323612657,-3.117362429680778,-1.4374934213023767,0
-0.8398270517404045,0.4997328459023569,0.8498314203548653,5.06048813520031,-0.04244802753553957,0.7316406496131038,-1.2447653505590421,2.9285549288315753,3.035343692948656,0.3774332312757803,0
0.9825038746020749,2.2904452918751037,-0.6589765939121284,2.8306430108418055,-0.14428264668412333,-1.9368469285843573,-0.5878558965030546,3.9421615608779854,-0.2672695503819603,4.897023929439499,1
0.23383494691180706,-1.7955122243420591,0.9692484551886166,-1.1828705903699448,1.204378471046146,0.6908727894931788,4.398023448703576,2.196789407163983,-0.1085974616323192,-4.084311175624347,0
-0.3263053923582955,1.189007605889593,0.654180087503482,0.04770788886928397,-0.32673458184453424,2.529052503418808,2.4134875588419002,2.8629281248575875,-5.063465249571018,1.5884747630947826,1
0.29715443303998557,0.49063964711104413,-0.9855901562691096,-1.5305232338637047,1.5390104092733168,-0.9135620067147681,1.5927191636699818,1.0840109227393306,-0.4748555752833209,-0.5491491436517009,1
0.48973687206049893,2.1177905389234537,0.7044502553848596,-5.87087770892504,1.4368264861649955,-3.044659467070079,0.631848729198713,-1.5363042787478227,-0.9308881389714412,-0.4266285715302403,1
0.25556273904198124,1.1343784297389368,-0.45060471546580555,-1.747470947120063,-0.1643138867820027,0.049516319387228225,1.2740961582137973,0.832802472987959,-2.9369765767820137,1.1900092966965403,1
0.26083107068980027,-1.5998808495645904,1.9195043760863622,3.873829428139859,0.21424315856816212,0.6773129526310762,-2.0985781862524724,-0.5634742839176636,1.7354232361720758,1.4280017706343293,1
-0.5817278227515787,0.9043221123903891,-0.429950787141084,-2.005827558066539,-0.5616983485942084,0.007454746267816059,0.2786900411664631,-0.6304826959586196,-0.5791185732591276,-1.0123094792475629,1
-2.9907593850080056,-1.1497614274234047,-1.6231271932751272,2.038586034249603,-2.159897751513049,-2.89211109160198,0.8910797480197148,-0.32455353634026696,1.0710607491799102,2.8105037242314657,0
2.340014921309349,2.3254986374987903,0.37922398760922643,-5.168972404053218,1.3154661549188258,-3.230682864171669,0.6777160396019676,0.00506227435383888,-1.7150242666868172,1.174766270014636,1
1.6956393682555335,-2.7469171581504583,0.7433025145514484,-2.5453706878123556,0.9084518181408969,-0.8529462569127892,2.0166323908728954,-1.9649837160895751,-2.138257179348951,0.14326533647189588,0
1.3819737271132897,1.5206388066327783,1.401072545423349,-2.524219151317678,-0.7338820228153443,-1.078682167208131,1.7741152600391041,1.9311803414010842,-1.6015538610552307,0.07331943261877161,1
-0.032495066518523186,2.425442686768564,0.6291790917933605,0.033830595211099775,-0.7594539047085215,-0.9742166954142327,-1.5162724002283263,0.8087405841836157,0.4588933674082234,1.500620890976557,1
-2.7943141014816075,-1.6688672432870404,-0.8858390949715851,0.13776188426124134,-1.0153706043218265,-4.302862668614252,6.62569862194972,3.6520890668118433,-0.15375012057252546,0.9209432559676158,0
1.8605700765011413,-0.5592052963433147,-1.206084777060241,-0.5305510514646288,-0.7943619872216023,0.6796142724380732,0.9951209976532034,0.8682118563611901,-1.4555528144233727,-0.06862945864228442,1
-0.8333958332395185,-0.9899524443108647,0.6433890507240322,2.61641470463954,1.3010583852622644,-2.9852909333324877,1.696544136480375,2.34878091712125,1.9128164172835007,1.9902609037678032,0
0.07751581433762345,-3.1317701676175753,0.42082940062132174,3.799303145682237,-0.3708129671625753,1.0521909272772,1.6973506565673782,1.7693562228927795,1.4629562649950605,-0.9621932177385648,0
0.17375226210080386,1.531993006813153,-1.098995167114921,0.5452533881693217,2.169188840540395,-0.5343054387035004,-2.679680014574539,-1.1796684874974144,-1.5907707060872607,4.3273583503317,1
-1.664522423043102,-2.0564643681311727,-0.2675298688859451,0.5923676286134617,-1.5625061247231486,2.7651677015259386,1.3272181955762676,-0.9452378980179239,-0.5193543490900662,-2.773904507142359,1
-1.4055204988645185,-0.2806333088712625,1.0876161745337514,2.407711243662825,-1.3785726253796524,-2.7352947047360816,3.4487865774741184,4.313798541419244,0.9998266947305237,1.580441064196396,0
0.023563750588105892,-1.2592755627492889,2.299853302811327,-0.18435965373835184,0.5444850063225369,0.13515148447377545,2.0193455903951913,0.623936262397864,-0.8698625218485267,-0.5225302817878937,1
0.837452273213426,2.293933966456649,0.4453078881452921,-3.5871912984758643,-0.7103721898130568,-0.9235680112386321,0.08577887298827862,0.13073289924277753,-0.3048856295880602,-1.3325689953127369,1
0.15584329872169,-0.6166487670818455,-0.32035876608602104,-0.9866659331300753,1.474013186014953,-0.4795354634714409,-0.6527363796342336,-1.9361691933802192,0.09210964376407549,0.02759173570299811,0
1.015987870642141,2.9358298917368746,-0.035904153227894885,-1.6580535297344698,-0.3224023843397489,-0.6604079786129112,0.11425336922446298,2.348913182580464,0.13587834924358855,-0.6474804405165504,1
2.4945776073253487,2.6441560900449055,-0.6220970026444895,-4.138759627191406,-0.7827807919989872,-1.7253257956929549,0.36962935433759825,1.0941161805790751,-0.7568285500521208,-0.5195293772396703,1
-0.22842979250178985,-0.1146764728073364,-0.2438601555664431,0.1436580437010046,0.15585796656822037,-1.0493864090073846,0.9297479783811142,1.0055004342184297,1.2758426226395505,-0.7318948518940569,0
-0.6229620833292195,-1.7223667957620772,-0.6253228847138056,-0.9249068760219143,-1.3592746250452572,0.1406554655826262,1.8623314622522682,-0.690386455059002,0.021394251388133445,-2.0028576605425847,0
0.6202039437177211,0.7238006358630045,0.7690370017652592,-4.777166318796408,-0.4338016128832284,-1.92111888952031,4.843328298819059,2.198728770364521,-2.3880356747028384,-1.6570134421029918,1
4.324952509875163,0.5705698317098409,-1.6508469568215751,2.2227859071145333,1.612176760088167,-0.44779946441154583,-5.364261705534087,-0.3887097094008354,5.2580476754099825,-0.4875149595270238,0
2.5024368383629936,2.1437909725282154,0.7436814250925643,-4.859610380099295,0.8132003882417795,-2.296904519354449,1.7254769711951716,1.5228676052176087,-0.5465357280900415,-1.4817900119372853,0
2.1210655338681903,-1.0875334379255372,-1.4059030154034857,-0.722853290990806,0.7060813633547757,-2.432151405481144,-0.07777466882945835,-0.16076479258363852,3.3066548577478567,-1.5670101054095658,0
0.6129909411545466,0.8312462651160407,1.6419160324871054,-1.9146257704629164,1.4058740874025515,-0.5937584578611738,2.219737010438452,1.8514684246584592,-1.2864472380053773,-0.6244067967034648,1
-2.290544023612043,-0.4166543102892639,-1.2040738687778774,0.7714522092151831,1.0835050254859182,-3.2511897861647228,2.848527711289173,1.835663909863176,0.6745844290100049,1.5881453458788155,0
-0.9049656046653747,-1.0917442468409557,0.4556721562766801,0.3257291924522423,-0.9479254958379718,1.6182528666094018,0.5264854256698422,-0.2902419294780605,1.8558679994300673,-3.8766071615995257,1
1.44715308864767,0.925112875641888,0.7867427979547027,-3.3228158930865406,0.4918611273628778,-1.914006614443545,3.707342222823923,2.789841441340088,-1.6123475861493166,-0.7576403405737225,1
0.14705245340472994,0.21775137562750058,0.44876661719206135,0.26120579315618075,1.2251936225147393,-0.12443937154694984,0.9765228542611196,1.3827075645121587,-0.628012357486865,0.46833787277501765,1
-1.2635856058263357,-2.2455792504497643,-0.48935877613571727,-3.3368906590490424,2.2044976099073845,-2.6642387951387496,3.3258026934792873,-1.8123709913309056,0.5541664715640437,-2.2922364737053975,0
0.6235400725100377,-1.1339646398861143,0.40266027951613326,-1.3619459783387142,1.3938633820696587,-0.9122011718557302,2.8569143255061125,0.9527477543844668,-1.287589570766166,-0.2997646175984585,0
0.7321113127711706,0.4599874491898168,1.2659159182320534,0.05417664707547838,0.1881521853836054,-0.8227593920203478,-0.6769630784271644,0.028274096773525992,-0.329249677178504,1.69426344133601,1
-3.3395456126307597,-1.1610440919114846,1.4717723149188926,1.8163874599646341,-0.4897788405444912,-0.533961567419307,3.9220074762502386,2.34443944007207,-0.9690213908711693,0.6440165954309403,0
0.11568579164874793,-0.04746421275191848,0.8603171419666936,1.432123605217519,0.16085660508466026,-0.46100014401951145,1.7829214618081257,2.9285883339074488,0.3100518915893966,0.19235349151421022,0
0.42083986324993966,0.3062251341963796,-0.6209446254869792,-1.0728819553606055,-0.19376693242351464,0.8742709664432,-0.8868834403066352,-0.9996529406541133,0.5837735510566981,-1.848211827101923,1
-1.1673166063638574,-2.660140720482503,0.20713466113595155,2.1199404690643218,-0.17491292784621462,2.7529193270838714,2.5678246260952733,1.10013162918415,-0.5284969308039762,-2.331898770513039,1
0.8433147760209135,1.1389280673356312,-1.445547617741004,-2.189268510945753,-1.0953448390063565,-0.713192545530698,-0.4408319797176156,-0.6088594387332324,-0.5570427554180525,0.03694761166920857,1
1.0967550377402875,-0.4802211874302218,-0.7002702027637888,0.08538671955553476,0.5431415570243161,1.4129943601062631,1.2748885305256556,1.4991774231708428,-0.5957687199614132,-1.5073680415794586,1
0.9968010411019815,-1.3028319889936386,0.48523360502421714,-0.44134225898122303,-0.7222016242327108,-0.564835480760628,1.7290797883003588,0.5753501484372376,-0.6665329406343665,-0.014308682877174017,0
0.8891218961748807,-0.6036692757195465,3.0229910964717304,0.6722037267516994,2.010127518730852,-0.454597026200355,0.3918486173744247,0.6565145820439264,-0.3080907812393792,1.0968249602771873,0
0.8943968813132426,-0.5504179912262711,-1.0096920526583801,-1.965351966061386,0.6675479811196189,0.10403984668322397,0.022781282738043997,-1.2381983410298047,1.0880040552517012,-2.7990674148416756,0
1.3835751301952486,0.5695890071461888,0.8968383581171244,-0.9793593342096739,0.7723183183308931,-0.8439643234537739,-0.5894863364045234,-0.17018704707679522,-0.34968547202827327,0.9297217977892845,1
-0.16222201684593907,0.8652124671481088,0.09010537156709886,-1.7096858678826987,-0.45092830094212494,-1.4933833866344866,1.25552048498558,0.4668962558282165,-1.6888013300032685,1.4711774798388646,1
1.9006398464220455,1.036839272418982,0.3843023949004416,-0.29482100984028414,-0.0738772702054455,-0.5179673357918515,-2.7328471004051265,-1.177247981151267,-0.2204580938450461,2.2118823912740235,1
-1.6364209146383533,-0.0037023838116333474,-0.33905635127171724,-0.3924466939268963,-1.2210781726675581,1.4413125299485576,2.545799786399381,1.475177515183524,-1.1373080336401535,-2.0612943259709375,0
0.3191066456479604,-0.2649207603184882,-0.3331359944166384,-0.6534818450836136,-1.423300772262414,0.939309347864222,1.2898184477353396,0.6909914032307941,-1.0255129827197837,-1.098552754946367,1
1.325032882410842,4.146354220568438,0.4494000678791032,-5.569502370049217,-1.1429306300009574,-1.9203645329845216,-1.0235231267459108,-0.2535584257360537,0.6937030909648363,-2.157363505968093,1
0.20057238882873574,1.0109499460221771,1.6879443381577648,1.077311643320367,-1.7535357875299875,-0.043595926585100475,-0.24171984188164902,1.5463820324050428,-0.30824373018193985,1.3678484204878385,1
3.07282907782825,-0.9110942057660723,-0.9850115859040004,-3.7737395632061586,0.8135210596244304,-1.8871153887017513,3.253071307851766,1.2258238806711423,-0.4595427067615008,-2.1652182461425387,1
-0.8275199018583701,1.0394223610060167,0.6521170089642505,2.5011263038848695,1.3373124851242604,-0.08220265403774973,0.2603498200460658,2.960943984954583,1.7789810835302446,-0.13733304901863952,0
1.578156330839716,2.479325469568428,-1.7791368609531282,-2.1060524549279647,0.22216945171455685,1.3678948829244841,2.699376237198049,4.249367517762259,-2.668037712308313,-1.5305027355124665,1
2.0327091595290194,-0.8210196011522206,-1.2715522422437588,-1.4442058761081267,1.5658590791419333,-2.7187007699849195,-0.4717373366524855,-1.345681836432895,0.8262478888216591,1.1712388551647597,1
2.002377754055198,-2.6201132153667697,-0.5395883269363385,-4.29873815503528,0.6431920423889073,-0.7659956581717967,4.711047271506719,-0.22061002273904062,-3.002447628618799,-1.8499034480689318,0
0.6245730956774878,-2.880776132067785,-0.5291436547435504,1.4658965432236999,0.7798279834115202,0.4920378834244379,1.6781106136222006,0.3397104117206349,0.1044767969290813,-0.5857687517809653,0
0.5691856968778828,-0.9351151603742537,-0.03694965449888653,0.5858523296125885,-0.7832116044941286,-0.36391263409777874,-0.11455226332477388,-0.3177899627845624,0.2754268021659596,0.5670367823301213,0
1.9515587120179279,2.84882225265956,-1.4697007715482098,1.584069969184259,-0.003950642820588996,-0.8551125709248918,-5.382646326975922,-0.4055593146319274,2.2775089786525893,2.8004120001454114,1
-0.8714237934675557,0.7718197958330052,1.8469844859493414,-1.9582845099912674,-0.023591669963347755,-2.0432869421484376,2.364102013241769,1.0845079914328672,-1.0316962502580893,0.4886281177243758,1
1.3285768077946414,-1.0308365486230968,-0.3995873562598423,3.3419106566360606,-1.3388974698189107,-0.32318607234919455,1.4352912466114514,3.489720825734863,-0.12682339225291805,2.1493572769184035,0
1.1248872259795024,0.6415844369417599,0.24210680406099894,-0.807713467529448,0.9603776861434424,-0.9458967921131591,-0.11804872481638193,0.3561955980195614,-0.4771869729354235,1.0334831017067534,1
1.7834790114049015,-0.6864622159319421,-1.1798829823302324,0.48753169329457635,0.9423536716420948,-3.690600414892767,-1.275321449497588,-0.36635228589138435,3.7606059537450456,0.8694536073345012,0
1.5302700425514548,-2.1326265965873543,1.793368900537112,-3.310049252640558,-0.34504573251379617,-1.7416091347407368,4.002388107858449,-0.1774164481217485,-3.368036177102292,0.7447548620062686,0
1.8870883506654665,1.5273963186866704,1.4117705164818914,-1.8190748873817932,1.8093739814233578,-0.029263498094558527,0.08698398509692355,1.0608303933854013,-1.2313884604013488,0.05976420189687148,1
0.17103516264650054,-0.4005349349409126,-1.1562471419652653,-1.927496500187294,0.47226940085106456,-0.9617307124161545,0.48846376363254324,-1.344175896619282,-0.6437789526152754,-0.002593299151964934,0
-2.6286295088472666,-1.2234561973580274,0.7948911612738636,1.225226308279061,0.04170145402657095,1.4984071925454645,1.6108071189198934,0.21238632773314559,0.4787164488225734,-2.212806582390245,0
1.5014453507575758,1.9371160904923912,-1.5428640365656745,-2.8687512568085913,3.533926027647571,-0.15576526723001316,0.7782588559082919,1.1382344015015593,-1.8325216278331364,-0.31988211350475193,1
0.14478224406586548,-0.5620143139301585,0.40328335538710636,-3.3351553790064887,0.5962926676228045,-1.7820386987978911,4.2689281856304575,1.1451534138579453,-2.1619286144225747,-0.6921612033123701,1
1.1453540752233131,-0.9209057415552913,0.9756581737075397,-0.251909211751785,-1.2681131233924128,-0.6770000355185612,2.064235316086704,1.6850122049543221,0.29576429402340687,-0.995271726197624,1
0.27632450135283193,-2.0699044467949834,-0.06644097456171165,-0.6208486936980852,0.5352641850634099,0.010915409714473467,2.3533189099061964,-0.030157225737277304,-0.9702879666635227,-0.8199709312483687,1
1.926164024256496,-0.07593718346115508,0.6609173648746272,-0.8880605350645884,0.7496485002044163,-0.2591252943087189,2.2549381876208505,2.7347392192401703,0.44423065765787006,-2.148947218825824,1
0.17675313858529662,-1.3544115632336364,0.7758698054357946,-2.38113994862725,1.5027807312788823,-1.7905383752093156,4.644224094942352,1.3685751867512557,-2.590819263545427,0.2646945266801126,0
-0.8949037037447454,0.5692044075221123,-1.297878292545917,-2.444198481730751,1.115129163556724,-0.814380676044115,4.005243207880133,1.862036168077702,-3.754062010697483,0.8768273552379986,1
2.2906833911905347,-0.4948767900735729,-0.44189484972943716,-0.015387271063230262,0.0364922747939013,-0.5528491108019105,-0.8627001522056646,-0.19838100088237487,0.43520444439868133,0.6152231353461941,1
4.357131792351624,0.16187142522670916,0.24005168111127656,-0.9765348661741995,-0.5959303567185559,-1.5655120146536516,-2.0621825567083807,0.306506120562761,4.899632351376166,-3.215701886044754,0
1.4683957433783434,0.16607927559406865,-1.5316411999627102,-2.7712325967196128,-2.7081661366774563,-1.4450074522285155,2.659049427705045,1.36347682750952,-1.635091418035056,-0.23656768535107653,1
1.433756210277564,-1.7903154994383108,-0.8863825139003382,-0.10022940630589539,-0.91377713146207,-0.657804830333343,0.5391137062030559,-0.7637402364903216,-0.9752405244582607,1.3586335777641203,0
-2.9186947213313283,-1.5472136925668352,0.21692974438878276,2.027919454312958,-0.5684309364841758,-3.243850205537285,3.999390013354875,2.4667295051304694,0.49921955429726655,2.005802352416878,0
-0.3004091387711132,0.9469280166756177,-0.7852448458495419,-2.1793882027970084,-0.5045945094553937,-0.18282829143790313,-2.3877443101242832,-3.2870022804102916,0.041811183140673114,-0.08427188597156765,1
1.01142524280126,0.24763025079160905,-0.872053112972508,0.5765386422822358,0.6007082227690376,-1.245436682582997,-0.8005851772032826,0.7287631038122632,2.7355874928837616,-0.7831342483941666,0
-0.6371036057295971,0.9650586165919686,0.16188958382661092,-1.1729771478749131,1.1746787328261512,-0.5602978979637306,2.2081552512005542,1.638579797408847,-2.4629226310690635,1.1845985638613528,1
-0.9005222116346029,-1.5227678052352562,1.2875485211099686,0.51532311483447,-0.8886772419348047,-2.3668785164665396,0.6384654461134734,-0.7417907297970812,2.035558012659285,0.21692618094709326,1
0.20459532568161987,3.246321075692233,-0.28300799531228565,-3.9195130982107607,1.1635714927849816,-0.45772847141693784,1.8032551345529688,1.9267783216746635,-2.6948296719789435,-0.405467738624538,1
-0.8235972025504643,-1.6921941883593916,0.8928667027113772,0.41156538732544934,-0.019802424545321932,1.8531163506840806,1.4580039931561548,-0.1867990352592631,-0.372791813213011,-2.1530071558425625,1
-1.2749236951487002,-1.0929038023885558,0.7020398130672859,0.909306054679351,0.2501180980376904,0.10428343683622665,2.2168819958311206,1.1796072047108341,-0.42816534766516456,-0.28990600902770125,0
1.4204542768408261,-1.2189335194704567,0.8764003935616751,-2.6285845832654946,-0.10000391560313047,-1.1574406991440362,3.108141320209493,0.4722181662064437,-2.1567016036112907,-0.16135048922328632,0
0.5786320782612699,-0.06785178410419923,0.40359968433274285,-0.04385934084027416,-0.20403908913299867,-0.8510324204002327,2.7117089521989053,2.845018199064566,-0.846621136230763,0.25129803897448477,0
2.6059163425558083,-1.1870442369734908,-0.10882491290048577,-3.445649762858081,-0.5908581429421595,-2.039518754082885,3.0435292806791376,0.6603984507513471,-0.7343830113095048,-1.3501682975707514,1
0.11556916590234911,0.19442243899898315,0.19340277673335018,0.8058193720521934,-2.1473907745868823,0.07863578230713708,3.1328639733537798,4.222707457054513,0.45569085205830606,-1.7801394653677394,0
0.06905520534929055,-1.8755468630581122,-0.7933544786084301,-1.7380835833832993,-0.5429193431390946,-0.7836039806508489,4.02115810325125,0.8385090893138053,-1.6816673550201,-0.9858633337536358,1
0.5758356077948792,-1.394425867847286,-0.15182579105296326,-0.6722972056110668,-1.2469403761992062,-0.8250637384796425,3.547460189302814,1.8814961717064287,-1.3567423770033518,-0.206154079587463,0
-1.070647995034234,0.10685461156771281,-1.008489184464134,2.8024662789004995,-0.4470661273127751,-0.04597812971568449,-0.3045023817940344,1.5228259770218018,1.7281347294839142,0.3980787115693636,0
2.078990204222854,-1.1945177004567369,0.5235785916716088,0.534192634665559,-0.16589024207595884,-0.7509377696169778,1.3585926575290586,1.3773070595323678,-1.4450035271491601,2.0092647174233607,0
0.980956706652209,1.0654310378935017,-1.3063308397461886,1.146347360386662,0.8125164325631649,-1.0999987558755557,-2.6604243625256947,-0.1414111839162896,2.140485146062928,1.243180432795632,1
1.6941255111874773,0.2906457916377423,-0.5175073233564205,2.465266186836963,1.3514907242584298,0.015105779613788561,-3.4192883330848822,-0.4053680727072724,1.7058810481335656,1.953157859911095,1
1.1367753421563997,0.7901478243968345,1.7416967846211964,0.3013688578419249,-0.040014496454721916,0.571864395620626,-1.1820893793903307,0.1250241086258963,-1.3494542783676784,1.835270669611426,1
2.409105570594915,-0.08881737785295452,-0.14579237353129576,-1.985424557393593,-0.3324195331508157,-0.6980224281526529,1.2807154765714917,0.7187569721723517,-1.8063675343067143,0.5508520667909089,1
-0.7885740698698345,-2.0555329572713745,0.9644723710368871,-4.437252560817596,-0.40777918113043266,-3.2877680676862795,7.021824345731522,1.0853314321904781,-2.8145808177369656,-0.8474252616946663,1
0.07013581652132539,2.053617164225251,-0.19855286967639924,-5.707594071054813,-1.192458404019811,-3.7154973780869076,3.73399331624376,1.3123958460195735,-2.1041046410096627,-0.09258333295888643,1
0.8308856318967804,2.749301740134803,-0.5775858242919073,-3.4534259394147484,-2.2593787056403536,-0.5994125056540038,1.3139330776628637,1.6125363042578047,-2.3948736854648063,0.039585921609155306,1
0.4834209817921503,-1.9471045071439068,2.465579047122228,0.25131573155563003,-0.5139225482500969,-0.20473836408321489,1.8088221461883778,0.3408025322996204,-0.31143966770766246,-0.3449910375827847,0
1.2123374571532977,1.6845038511033685,-0.35968454722084936,-3.9577906692305547,0.414938824120268,-2.2135532601721257,3.1236038817170426,2.1711441095265758,-2.484382869127964,0.4041689645867792,1
0.4248639876639922,-0.5577930328753444,-1.2443024110096397,-1.4858704194913046,0.4375535797850626,0.2460841970065626,4.373128786124435,2.819235776458914,-2.4205873554679433,-1.2284059933467384,1
1.0149802336064346,-3.8278669376990253,0.46440214682107317,1.1087787947374306,-0.6385498495750169,0.11470205373933196,2.732036281472844,0.256236599560856,-0.8827368437864139,0.007955885334271606,0
0.8674445912265119,-0.07134619512603202,0.44005051972795906,-1.8690397314348446,0.6354579530146788,-1.8725942768679154,1.5718720263331643,0.564394364298989,-0.0456833797176629,-0.2550561560982134,1
-3.1020355021913755,-2.7259741120439402,0.5885466171575161,-1.8531982097411088,1.5569119348607945,-2.328191207163444,6.0123850410647135,0.3719875544256388,-1.1324822670945234,-1.2685710517068303,0
0.9294544139895227,1.9717554505997505,1.6230583915178474,3.899993452435191,-0.07807936330209354,-2.2343143228447806,-1.6384474936259106,3.938932829020823,3.653239709954553,2.275839504286652,0
0.21369759232967844,2.50724097652356,0.03073058646187,-4.066529196959,-0.34441384034395167,-1.1873373636551856,1.833359223522056,1.083895097062575,-2.6289980062847222,0.14548913825455068,1
1.1342364694401825,-0.05770654677426468,0.7907680374521089,-1.8107432238711716,0.35646134037418814,-2.143526111457236,4.307039333707,3.1012543977271827,-2.912960897813754,1.6735766343298142,0
-0.9459444931189543,-0.6075996406689645,-0.7539813266760009,-1.1043440573915237,-0.7629767952073897,-2.07071322180658,4.426677202143992,2.659591081494074,0.0343308929728674,-1.2532807456343966,0
1.4829422048166179,1.401829479056746,-0.23195222189791354,0.6525958153717215,-0.016740894689061647,1.4458763290290817,-1.5513047867588408,0.8110082511692123,-1.47143998504978,1.543568205923384,1
0.2709556355835171,-0.5407879477178177,-1.7873222747601247,-0.9610935117071042,-2.2777519912090507,-1.6411959133758218,1.8689069565928156,0.7200677940334154,-0.29746374270865317,0.2614143085311873,1
0.9177266946047374,2.056885187236516,0.09191545666256903,-2.6906470870160737,-0.09305934322125775,-0.16966932295932113,2.0199520622547027,2.5831154545647768,-0.8030027035988456,-2.0309136346273435,1
-0.6066226115474804,-2.0738314882433624,1.036198253016824,-1.2073694107984156,1.6099090114931978,0.9242558921762969,2.0843610367216026,-1.0475709810057061,-0.6071584278156414,-2.489836819588679,0
3.574846784074656,0.031447344227781615,-0.9928159191254886,-3.230810061091443,1.320969079165899,-0.25053854258875774,2.129946940631286,1.5871793054277892,-1.2874092676477247,-1.8951494855483306,1
3.0913029355846886,-0.9356504891001987,-0.5293035602233951,0.47150776887757606,-1.461692754821979,0.08131593465622022,-0.7314440261045907,0.46993495072268354,1.3099711276164305,-0.7351063017169361,1
-4.6221355168795695,-1.5648634530744574,-1.3002897819258095,1.7219214391538116,-1.8909912950998053,0.11508363605036298,5.0796848639523375,2.270528104409763,-2.1902455140146078,0.5323541562422904,0
-3.3769968247149995,-2.3802542218742273,0.4255230812143406,0.5245816072377432,3.14424850506141,0.06305958099178766,3.3773323433913482,-0.2869358724481863,-0.7891352195164616,-0.8804672400376133,0
0.7760456406150015,0.9364883569770649,0.013459269724445756,-2.38029033665593,0.9459638150492736,-1.0239722324591305,-0.5562628116283673,-0.869977845208634,0.8310955554182327,-1.2511398650890613,1
-0.16128565682010976,1.1457535102388146,-0.08677720781639765,4.251125043050826,-2.0685282922579598,0.007929643309681711,-1.915950550169035,2.4321661418424165,2.2374747006253184,1.8393399837385214,0
2.204789421602654,2.0217391396330004,0.9592766764276975,-4.286980661827969,0.7459321292546047,-3.008477960682696,0.6022484456048492,0.4863631050501511,-0.1264247882227455,-0.12417278686076672,1
-0.5214075777765632,-3.85007194990294,-0.7244234197540484,3.1705550486411824,-0.5306860751308929,3.7146629416221932,-0.23566066720659623,-1.3945315246226977,2.185160535601085,-3.9750153907640824,1
0.9117804498309795,-3.418790263177618,-0.16847788704568076,-0.5388986057840752,0.2693429447068129,0.757193798699755,1.6180766744063753,-1.5389672404778765,-0.10383449813395995,-2.1153891145047945,0
3.2502543594659947,-0.2117439787185107,0.2215263133944951,-3.3825343332748505,1.4340474190334243,-2.1828523036247858,1.2086026237666545,0.3468805339826991,0.8923330819012203,-1.849576372734622,1
-1.3602120539797238,-0.7999061461378698,-0.048435737269693996,-2.272337191349184,-0.5679011136504767,-2.3117593039263213,4.133578249676015,0.5195873919682237,-3.1509470362214937,1.8029865984568245,1
-0.662986443441189,2.8993413401851287,0.450422305484907,-2.848074616581882,0.4389468523181287,-0.31999751565692597,-1.3084273625618867,-0.9370093342552968,-0.24485784236472807,-0.6896625399609249,1
-1.4463054558072872,0.6652016372427156,0.3011340806082557,1.8262871879350366,1.243862646401131,-1.8504664870744012,1.6239113867156911,3.0522098350844047,1.5168111608688353,0.7151833194455461,0
0.5912980623241536,1.4244707653113098,0.28489972332344843,-3.2654861227285163,0.048560491840520935,-2.556536781693926,0.4798897610561768,-0.5046396619533426,-1.2032743739784861,1.3749897016363422,1
1.3665653965711293,-2.0019817561470563,-0.9132878985232226,2.424297615273822,0.13697603824866275,-0.2961998760167548,1.2547416324417215,1.6480727174527994,-0.483297414801024,1.9017838838739796,0
1.1934019635456279,2.013280135302112,-0.30220170752121733,-3.1200049088669273,0.11370827087985537,-1.4921943299366323,1.272891493945185,1.3888340141995092,-1.327570587037179,0.06405889935032338,1
0.7675398535425677,1.533664895840319,1.3876329773243026,2.809505030070197,-0.40123195937761497,0.04320439323391212,-3.048592618830223,1.1723170049854053,2.7324905353584525,0.8561188056382607,0
1.4375950146143786,-1.626378928097785,-0.8547926717645663,-0.8304456012654591,0.5830494065758923,0.13643504096996606,3.3380651298660067,1.9341232809746856,-0.8314807644014838,-1.7967846481336724,1
1.7274695762957133,0.6512314745292396,0.466985427514246,-0.7799584354581038,-2.0461916324079117,0.3711449792790784,-0.3733483864451172,0.47720307471284373,-0.7565538238180471,0.12340924865068881,1
-2.379538996351936,-2.714520516316628,-0.5076139020172464,-1.477174911682371,0.4962464897927614,-0.27621721338404537,4.103276143220455,-0.8408751701239132,-1.148084342436253,-2.034217802368706,0
0.6872768299831287,-0.052218195428694436,1.26061439367498,-3.260214703320014,-1.0518775495671773,-2.480463727538101,2.253303818030683,0.017107410847444715,-0.9478438090506909,-0.05009544902526575,1
0.3356639994493708,-2.992805390860018,-0.5806057505723069,-1.5292914741216772,0.537805884014423,1.0952659712587003,3.659914071633225,0.14285807427109087,0.2743397031876713,-4.80635638035405,0
-1.2666271049857754,-0.8676581235072478,0.7310241398468866,-0.3321124781325179,-0.5520687320238834,-2.739754773727216,4.448076850735622,2.6144323538674508,-0.7170840651698511,0.8390319350214017,0
0.7513986218132457,-0.712324241767256,-0.29671680511153853,-0.27074488089241694,0.6633438785965403,-0.39589426565497926,1.6396175193669245,1.44907638090723,1.3893074165717476,-2.271568150395005,1
-2.179634355190898,-1.4135658176542525,1.5547758732739032,1.0103218147309587,1.0476815448610086,-3.912687999203249,4.350108538017727,2.580673493580153,0.5050936986682273,1.7618546892382365,0
0.39578402083661834,-1.0081257377651311,-2.061239298442013,0.20833740344256085,0.48602373474731203,-3.144379402620821,0.20461697528122005,-0.20258648772727716,2.583113370143753,0.4953525905456908,0
2.232584889543232,0.018011612879458294,0.0274633416624317,2.391883231232691,0.08351870513748691,0.15720892402645492,-2.439003380344496,0.8665225858025154,3.16895952551629,-0.4330446047119261,0
-0.42274901333209414,-1.2870871141958953,-0.3179430314386947,-2.3337890594060005,-0.2812191411760249,0.058676256017423545,3.532762574762819,0.5187093525932365,-0.4731222159541788,-3.3696362594090763,0
-1.4662627681435512,2.40389141733566,0.49396255503365116,2.1921804576797923,-1.1879391190279853,-1.0000812485951902,-5.177404148023592,-1.9377608988001642,2.441118496865111,3.037594698082695,0
-1.0787020853236682,0.3125776049488678,-1.6614649005507727,-0.2231005533348919,-0.8702631913962845,1.2416338962176547,1.2817646350296774,1.3052764809848476,1.3903141703357311,-3.7677676795426365,1
0.7513392703727597,0.3056637904486261,0.6113681243922499,1.3014406182570761,-0.29961344300926257,-0.6152349474623426,2.5262867696468545,4.179175857468282,-0.27354381597249333,0.4967662469793117,0
0.33352626521167145,0.8042081313527583,-1.0815445778110777,-3.6757058975457144,0.35167961260066827,-1.508091444585147,1.6001320695039234,-0.28994868558313347,-1.2985139138956043,-0.608462852265339,0
-2.667920905034145,-1.1032999291996441,-1.389547971655678,0.8807343155844547,0.33500472832842376,2.4090452126165616,1.3293260757005128,-0.40601002894572735,-0.8720856954346523,-1.7791565624603916,0
3.1048278155207925,2.6163542049007487,-0.884736392547822,-3.0598579002059716,0.2390281102968061,-0.8793840898546521,2.5492721199456168,3.9903894419025914,-3.60245049937382,1.2891097566940115,1
1.1694185649718098,1.4163317789692285,1.493299464271863,-0.7942749597940377,-1.1810069577852984,-1.605530436089873,-1.248266981837636,-0.16423044645232165,-0.8670396587216493,2.8501947179118217,0
2.2122198729580997,-0.1185023294396973,-0.6409151655295456,0.6056119715386127,0.4261274105825748,1.5640191410442494,-0.7456587571668815,0.4530434052481821,-1.7888572692372877,1.23472864378294,1
0.391823293782844,-0.2991630682423727,-0.43431331060482303,-0.44563747679995624,3.4732676106996636,0.012541224736918544,2.8422762688731984,2.3438671599403325,-1.3864830322663884,-0.45493374788744795,1
1.231086304593235,-1.3903611574442554,-1.7239847625767115,-2.5755764637920717,0.1568721837990661,-0.8293469806127017,4.162071065420629,1.3844525034736477,-2.1495502703182936,-1.0933989427199204,0
-2.1050081499518116,-0.049472380901341984,0.16587568758328727,3.3488147000747133,-0.11773770858953263,-3.275547502078516,-0.6926581850291864,0.7554563906607424,2.8052894702923954,3.2442612400202595,0
-0.5072346464358373,-0.12922275392529026,-1.4723475107961164,3.7648701891779393,0.08130972568517864,2.64250884831859,-1.9991774651971217,0.7129936723220229,1.9264669057757866,-0.9741857514323018,0
2.8179538731648535,0.31750667201009247,-1.418445301009664,1.810908349242777,0.00824680560440207,-0.4136667939295368,-3.8049898385200236,-0.3600708805896915,3.58060069885092,0.08911950925545842,1
-0.8846809792389941,-1.168045331906178,1.1165831216417408,0.21479167052587525,-0.7567220991597098,-0.6476147754478974,2.3741545802865276,1.1599225089605578,0.8601908633714273,-1.5219592890745122,0
-0.25458516260584085,-1.6139333275441834,-1.1810271308408713,3.6677014560266272,-0.23668315304863094,0.8490406998648186,-1.4505106900291669,-0.2027968095894528,2.2041827601592106,0.19085567479316412,0
-5.609144167476055,-0.01300793567338232,0.14206271393359438,2.490223232934436,0.33905611146393383,3.9322179236542913,2.2473124112568517,1.0722963330303226,-2.5764080975945562,-0.8523826249003903,0
1.8951975028649546,1.3956864374186093,1.937587173906898,-1.7686947171966179,-0.39992000132249855,-0.44199069655187073,0.6723355185295855,1.6065965448285635,-0.9609232816904579,-0.10464015309771513,1
-0.25077045614102,0.44822284887035574,-1.2568233986725392,-0.200316575467503,0.9825631494671088,0.5577809752965368,1.0494181926857415,1.30538188716201,-0.11496896815542001,-1.2095768696618954,1
0.6865932386976349,0.9364484760517429,0.4994749720319642,-1.5231923940185246,-1.3720443606394408,1.0416126182209706,-0.6653047602016147,-0.5501970581813238,-0.7242751675697015,-1.0210054996990203,1
1.2610932390407754,-1.7285995233334654,0.9422088436135351,-0.21136616515367393,1.2220330181723214,-0.4978187272632701,3.585536462203895,2.2733257465042875,-1.4716495811712813,-0.10177920154823172,0
2.161794467031097,-3.31293875432178,-0.42339669739194263,-5.492509090959187,0.9972796572615947,-3.5574304467029583,3.4602034564537316,-2.372679435407246,1.5453580986698632,-4.105526175858362,0
1.7827603521230675,-1.2706497921734095,1.3758620640980497,0.4673252487235796,-0.9748096565654869,-1.5148627014866927,-2.3497321271599696,-1.8768161126079315,4.016717384833343,-1.1363674514889417,0
2.01679326605451,-3.9265024240719457,-0.5196156532133993,-3.9065566558834606,0.7914132335301363,-0.9887250564420617,6.026000853824868,-0.006019306470169794,-3.82645600694953,-1.2075579660752915,0
2.61198800001527,-0.7499629163351025,-0.2737634983454984,-1.8558274356828606,0.5350683086327409,-2.4682488670058818,4.9735580177556775,3.8918842680750254,-2.544204674056041,1.1968264614082498,1
0.9715967226011955,-2.164611441423828,0.052744598076529925,-0.9836629568112817,-0.5970911924369422,-0.78591277862053,1.842068604608079,-0.7219656514896358,-1.4963815283873867,0.6385922270800968,0
0.7327341086216284,-2.1026412422125422,0.5096564483663406,-2.2553392386318167,-1.4554167415188064,1.3288516965514285,2.518782939630941,-0.4164158592981253,0.5858015132819111,-5.249935516436211,0
1.223071469817437,0.2515108774604714,1.6091225035382943,0.9046568900471591,-1.4036929229315054,-1.1063252497141767,-1.940434552286591,-0.3547663634277807,1.4657954001920597,1.3783696056014365,1
2.9160307811023447,0.5335162686502124,0.9750549348830019,-1.3383028602117883,0.2923180027628724,0.4662093281797577,-0.2568039542811364,0.7250729291435817,-0.6680481192372298,-0.5436076419676885,1
-0.8356189824842792,2.2432048103779283,1.159376955599545,-0.5711235855387025,0.970701592173542,-0.7000328532125812,0.20926241362453687,1.2677625253550784,-1.5454051143216554,1.9577417914959925,1
-2.297184338940684,-0.13037456326753716,0.1381385572941385,0.7602873293110995,-1.1161001278656617,0.6000900199953936,2.5342212973883798,1.7919016425716747,-0.8808400844473301,-0.5977177002329203,0
0.439964957854742,0.229740069667409,-1.5482429069099284,-1.3879046263867414,0.6176902675193771,-1.3835536175317187,1.5598123703835907,1.24622356498115,1.257121912665769,-1.8441396489305548,0
1.1270552962466116,3.4982801362954605,1.9666070357264414,-2.8767582217797942,-0.5168733096577895,-1.243443442340371,-0.7306150122314473,0.9670533696606148,-0.9338875014556173,0.7467157398590092,1
1.0030799077854615,-1.792416314826565,-1.346896567593874,-4.0452475473186835,-0.8428971884837512,-1.3693997605848018,3.080758171245719,-0.8437848873042626,0.6221099976799729,-4.076987226514858,0
-0.6591329350261038,-2.951068423674295,-0.6524363562447474,-1.789679796555184,-1.348427254147752,-1.4969218490280438,4.452292414536363,0.07706571964942022,0.0207744214692952,-2.443326174112709,0
-0.529673244745303,1.5895809992330898,-0.2341632094894148,-3.9790060961785003,1.5107914786031902,-1.3944846521973144,1.548988675123805,-0.08150931933094963,-0.5633609138997259,-1.7292800810686648,1
0.6329954607031517,2.4751999436875334,1.3526760218580407,-1.0633728255682362,0.48475897384754074,-2.2511371363481794,1.7797231753802685,3.4717623615742363,-1.3938600694993868,2.1953086718951402,0
1.9528913315907568,0.7799203980492433,0.9144431366187785,2.9916682645968016,-0.00909728144875623,0.9920173673573929,-4.060789900801569,-0.09588757557365135,1.2883676821735686,2.1615002965200656,1
-0.3023766602813911,-0.1336237892795229,-1.7413790685909623,-2.350116555426342,-0.0241789796348602,-1.1090621908654916,1.0140282386202595,-1.0004151570311586,-0.2238875156914958,-0.9292689537867431,1
0.2553461759640201,-0.3796873064317387,-0.16101950240019716,0.19181461328610486,0.7154019438725067,-0.27878406657183863,1.2618692284107944,1.4008720309797347,1.0739208781256593,-1.481544159854186,0
-0.21272879714034898,-0.3059485547632874,0.49630574562956564,-1.2869790844676996,1.1340330728550208,-1.4116807186822569,2.9054144384993603,1.7372130339995417,0.5160287586842727,-1.7230452676550452,0
0.8570682386488273,-0.7305126621542444,-0.15659900694830162,-0.33863162020498794,-0.5191799312568909,-0.4942019379209261,3.7187595972936345,3.2018990691625673,-0.9360604349700098,-0.8452056733301738,0
1.522824067039366,1.8057222920833373,-0.17119495762378037,-1.3479142289342572,0.11946194395534637,-0.316972312849762,-1.003050123969689,0.3151393309362803,-1.1792534416101006,1.2905321760200907,1
0.08233032695727038,-0.47537040126950697,-0.8011088603448209,3.3090145660306067,1.003611430063294,-0.5112889005795391,0.6924174076440922,2.6848190425004645,0.4740584665725933,2.08413793764956,0
1.5600738228900966,-0.10077372103045668,-1.227876133555287,-0.5256599538787438,0.1742106385557282,-1.046612327980242,1.4516489097477185,1.5752429452494725,-1.1413729162311927,1.1654875302106458,0
-3.2935458357706215,0.6813548244012431,0.878293901392532,3.392138153036611,0.16883532212936495,0.263281459900246,1.0358626619319249,2.5110786162024605,0.12322761731824483,1.4922378389948092,0
-0.9398883709317607,1.7233120011253116,0.7772782855959353,-3.562062434137245,-1.578284195292199,-0.3703761982481307,-0.32788424250077447,-1.7757106878172058,-0.5908774743353682,-1.3949279884790808,1
0.28322450434532065,2.0321044137470525,-0.025496130979680103,1.298367965018761,0.3592601488784693,0.6738724551483337,-2.572151261488378,0.28068451394737826,-0.6635702527166768,2.5405899062800628,1
0.7493217194217457,1.2012511521548042,-0.4442001381312073,-4.044363344353186,2.4771605303065014,-1.5279888106383521,2.0443551071977772,0.32848136512822246,-2.3667873302376057,0.08065165687875842,1
1.0345509303499656,1.1488770642480768,0.32848326771621433,-1.930283265014324,-0.6908409335465233,-1.7084485817927244,0.6202187701819976,0.9362075718554799,0.5892591455466678,-0.5873767803957382,1
-0.5960340050926136,-0.9215662502434867,-0.9340533665500915,1.7268230192091611,-0.311814478133614,2.4785312364068792,-0.626800849982761,-0.387864038477882,0.4364054196634046,-1.4967848036733182,1
-1.4750556978920584,0.43389526208766704,0.11519751123198892,2.5989277719881887,-0.3766331768194902,-0.21151930839604705,0.3471913738952317,2.183544117124744,1.7971613344864676,-0.027138076595029093,0
0.19147231086674932,-0.4095460504888164,0.911018977373661,3.2576003205093866,0.7308853066333092,-0.026062132694819495,-1.222266942437468,1.0833039145761,2.110734371403407,0.8293523577023914,0
1.7004541848276138,3.1789518684386993,-0.894544880827976,-2.657411143781642,0.8739322583840268,-0.3374398658181389,0.038709220773501855,2.0964680188449156,-0.32948588704254383,-1.161317774357709,1
0.9745951219294278,0.71732720639582,-0.7077159047490104,0.35277407406164074,0.053396669868461526,-1.8289356571851423,3.0430340053638396,4.223269158804124,-1.6895365467904273,2.3576848757356847,0
1.2152083486582563,0.03307158569921442,-0.5208680157853774,1.7672445707826117,-0.7311471896042843,0.7226580277352299,-0.9489627834213267,0.9596937298131332,0.016578283888376788,1.1069752434086824,1
2.0555405351211293,1.4815096666498329,0.5322355763085901,-4.105309726462685,2.2473777703950266,-1.0971434335663317,2.7130276438626555,2.1313267532222127,-1.5145998035254769,-1.7175370949461677,1
-0.9396156899454644,1.7094323106871325,-1.7649817503283485,-0.21768204375784386,-0.8224623523713787,-1.888346687560973,-1.3042806984629065,-0.47954317528692636,-0.027915589323994405,2.6598313113479275,1
0.12009778506481583,-2.1768803518234368,2.819610301986019,-2.927445975087591,-0.10343978505520363,-2.106806199280954,3.5592025619497263,-0.3320054033859863,1.2183951601724345,-3.4193588098593697,0
1.082774718792397,1.4093616927599797,1.3636326580720164,-5.426176532558851,-1.021458578230116,-2.224809528542033,4.723148886642658,2.4815687676061975,-2.518837972105481,-1.577607042026197,1
-0.5844235306372125,1.591267344714924,-1.9088676388691037,-1.337183163975778,0.07325727172815899,0.6685207988584423,0.09394103342350274,0.3901735517223357,-0.4971352399042071,-1.1757098059559692,1
-1.63433033537957,-0.8961055708981669,-0.6162831780012086,0.3500257981862314,-1.8063750522171877,-0.9027812306397761,2.7250818981653975,1.3160606539851956,-0.08665933612184196,-0.31039170487596907,0
2.3783961584705557,4.183911942418481,-0.07277131563548454,-4.040166826542413,-0.3736816234148545,-2.391022723662193,0.0068375420603150276,2.222216736293059,-0.5808725515288198,0.32127858192142167,1
0.363674129206337,-1.5109716277986962,0.4686720965703981,-1.5632891479941051,0.09762859163681453,-0.2883101690276748,-1.5741574109328758,-3.7948073293775995,1.6426368221631886,-1.8138522174662137,0
0.7206100374455265,1.1004713527776246,1.9179456152520837,-6.205684829614117,-2.0169005541501615,-2.543386416650447,1.744261912616891,-1.8269402341831096,-3.0205699841937017,0.4311316075764569,0
-0.045296809901677615,2.860869448530181,1.21407830320703,-3.2020296074969417,-0.1422539801044666,-0.3633232677055484,-0.9359066309789194,-0.8352513508593349,-1.98166040505187,0.805157877924803,1
0.2521512676872508,0.7282879170742975,0.4945516683627709,-0.454402818310872,-0.3726743871321523,-0.8022399124766958,-0.25781999287163804,0.010806525381231835,-0.9952180872590207,1.7861555484264575,1
0.626952442485812,-2.384893518686825,-0.29456973664024133,-0.043386362230899464,-0.3630450518533429,0.7090652740039021,-0.3279898321404495,-2.2184830769248824,0.7538449348149994,-1.4925079266974757,0
-0.13336662668321042,-3.385645043472122,-0.2443771524911058,1.141125038534291,0.1296407967972932,0.6980106297681623,2.812502882714476,0.3077090451450235,-0.6050149958689622,-0.9459081548842208,1
-0.5129238820629975,-0.25400483611125146,0.7843049651541498,2.5036002807583984,0.46400895867655123,-0.11679679566843426,1.2248556191075188,2.726059155304563,1.0314886994225003,0.13652191965925475,0
0.04800777313165627,-0.41080836691705525,0.20719202104933462,-1.6810566195860681,0.3767322805561239,-0.5632058459947623,3.81741351799381,2.057750237715876,-2.007457268822665,-0.6542157040862029,1
-2.107946568505967,-0.6848227691620485,0.7926609892728081,-1.370092045092532,0.7845105009878738,-0.2878347781171188,3.2868836305326323,0.5767207972773657,-0.8181764758744496,-1.7677817179022717,1
1.614317785887398,1.241195510735802,-0.9953276143975371,-1.772246629812162,-1.4908407919411655,-1.1773339871531607,0.015084037560790561,0.6360179891523352,-0.5150580681125798,0.5491437434984787,1
2.6089748610296217,0.10575909768513736,-0.3753456336799856,0.2505520103996073,1.3287802589934619,0.18534176576167916,-0.8836185057297624,0.793747370357618,0.4977124554014649,-0.0015569077985156943,1
-1.1788140704975585,0.2385695947127462,0.9883547076167298,-1.2381101919409991,0.8814299228471782,-0.622757013141432,0.7243072830219949,-0.4213481792949665,0.5707320665389735,-1.3271399005020792,0
0.12990246594168153,1.3454654069989165,0.8344566431800157,-1.9084797050382454,-0.08049134496861267,0.347556075998247,0.06876132287258839,0.519307565609338,2.00726958756737,-4.010958669824385,1
1.3532454714814963,-3.189105417110622,-0.34879932093597793,-2.377853691634149,-0.47874608990377315,-0.23136901685040623,4.108711823225286,-0.17326460282986866,-1.9997433489804546,-1.7686909174958954,0
-1.0017450351061639,1.0353082385282204,-1.3990326938424231,2.8668576307978717,-0.2488057027101052,-1.2096222842344562,-1.6187664108716084,1.222708681280519,2.723179934637148,1.3687277760691996,0
3.8207007255649827,3.6840507745587106,0.23343551700824233,-6.1541680835669235,1.4202471745553302,-4.049531072454072,0.9025614851502339,1.6362561454281068,-1.4512059418232743,0.9528561853481394,1
-0.4336530263091045,2.9926453452268182,-0.2493122673465931,4.370312307891885,-0.41512477271181375,0.6954079877358144,-3.334354002277537,2.846092375760671,2.73015315948345,1.5249611864692667,0
1.4981454787406019,2.1197399156612526,-0.5928687033956497,0.20322101624854655,-0.16739648380605535,0.4108268294101538,-1.1509159971559022,1.8978623559690786,0.4039269839810171,0.02516014898700558,1
1.9413836399673101,-1.8293245512427245,-0.543120223038238,-1.40953171775542,-1.0056725586458064,3.220430844486825,-1.6440732584823425,-3.1269544238696874,0.8882002203780609,-4.530140207595839,0
1.1846415809015494,0.5134102021636171,1.1067927096346937,-2.3706387984884283,-0.6729299588932744,-0.6589353649683305,2.7721531061332887,1.9847061259036547,-1.8531719151324364,-0.5888192501563747,1
0.0543977298696231,-0.9915786033959394,0.21850994890102415,-2.2983041012444656,-0.6775994277714056,-0.15095213540716212,3.124233902191507,0.6629807054970343,-0.30756386917374434,-3.050769508526316,0
2.327188164350684,3.148731766315943,0.29280467875640215,-4.281880999181757,0.09077133169402994,-2.06936599377666,-0.5346922314055453,0.432368163555647,-0.7031849148244822,0.21285904635156339,1
0.25971165241537575,-2.4468671919344684,1.7917248746712449,-0.7603103783881792,-0.4607413502318698,-2.743183982447689,3.17200037623284,0.544837262332361,1.236310216156045,-0.9242210719629905,0
1.7821183805209717,0.5575244553585099,0.2004186470013463,-1.6793290838671273,1.924599178253507,-0.8115405064530808,0.08968093378427619,0.061696598482219644,-1.3757651627338026,1.1201882728259256,1
0.3177912373908014,0.9757214965606229,-1.1837523908327405,1.6151076847115304,1.0000833564062297,-1.1233538475670384,0.8505543447717369,3.4033806405845644,1.773489085238848,-0.012298283371675489,0
-2.1712636289784637,0.5722918595354075,2.1703783332958375,-1.6244986277959947,-0.14114992833291437,-2.4842896519928708,1.667846606486151,-0.7989148744091596,-3.660825007675241,4.483785197462085,1
1.5577035126527667,-2.145498627666103,-0.29234274264577725,-2.9363874106251595,-0.31019941567676035,-1.589378142259678,2.48195246079312,-1.433822763539627,-2.960911391707728,1.2891248374809239,0
1.4799486211390078,1.7039747062401482,-1.569085001228671,-0.3721658401223039,0.788729741963907,0.18595952654150694,-0.6086012625039005,1.4597621732008643,-0.5112522969682005,0.5183602444435584,1
2.3494055973888814,-2.022174869743627,-1.3581844107627894,-3.4115262943593367,1.1090647140760095,-0.6935098035616574,1.3434356327640589,-1.5356515700356652,1.605969708429353,-4.389756563908211,0
-2.5860289511927155,-0.6350049448244012,0.4849133680318561,2.5549002523734456,-0.5794075712167537,-0.671786848139807,2.72929027917932,2.677602448985333,-0.0028445620096523294,0.9922336209890179,0
0.5925212922529973,1.6999504169091275,0.4933449821145063,-3.392929841146349,0.8241843370345827,-1.1989335488273511,1.0150095047220657,0.14883860123434156,-2.30451206283702,0.756366034160715,1
2.6861963903495685,3.528631700704892,1.6644160079044295,-5.153765843307846,0.38272941644553926,-2.047881145466169,-0.8242721822864585,0.1578784496462916,-0.24105768120421822,-0.7885174647003723,1
0.2669975762759573,1.3673559815787004,0.028915249651571533,-1.1316291551493771,0.23965723316225748,-0.24939094233001657,1.4552146102922006,1.9288446542290318,-1.5333649942593104,0.32055734305290495,1
3.573006377382047,4.374821913463088,-0.6111069973125898,-5.844242475554833,-0.07817007630007525,-2.846457765324251,-0.12622758257994038,1.3508715881347007,-1.8100325048859367,0.9149582412535677,1
-3.0076770934612,-0.2535617449108333,0.34138232024831455,0.7886546125124801,-0.08969945615804349,0.5730003606613192,2.6648668760743264,1.4961627900626184,-0.6889737164217482,-0.8511185609818711,0
1.7343619435339777,-1.3207749444918309,-2.2668786194868678,2.2611251040213562,0.08610491011368794,1.3670414381966196,-0.7420196848828909,0.48239344956222396,-0.11240264149566348,0.783073777543881,1
3.114907227732081,-3.513040661182586,-0.02753033965327404,-0.6375457730437134,-1.2994529141525764,-0.9066698784610274,1.7601416718844705,-0.707716909533018,-0.9656097524534808,0.48148709088293923,1
2.5898629472424766,-0.07645060530562608,0.5339839482036497,1.0629761068693566,1.2362802605504697,1.856305674297828,-3.883481468108391,-1.3820393480942206,3.1274909573720677,-2.3496523802879623,0
1.6443225293224932,2.2279472507133002,0.4539354537502785,-5.0545239318031445,0.30689144196375284,-2.473708824564005,2.951297685367259,1.9911142206099564,-2.2842108032871473,-0.23851108313864955,1
2.733000250262773,0.02719936020823166,1.3065088118309351,-2.3216282298933106,-0.01590983081071451,-1.2444780970165976,2.7892808845437393,2.561353580173475,-0.46564154213407927,-1.4623070064752999,1
0.16626056962319768,-1.3421172700430073,0.03389821045189329,1.223141684241603,-2.4458727860034783,1.6644499971133049,1.8082538479432044,1.4760970733829084,-1.0257119450655192,-0.797423861281171,1
0.6736855033117535,2.1689898316048524,0.19952272621043554,0.27384599535134824,0.5527528201969649,0.4528476326918518,-1.9377122607355621,0.48249975003656664,-1.0198521770399493,2.047142808973079,0
0.47880394608396437,0.6849802698578464,0.944216812860271,-2.3716415252612273,0.6709848062410969,-2.0311763995924137,2.2176048479299992,1.2372751046257793,-1.0863423590099526,0.3316418858311849,1
0.9605681261097712,1.9783930185969731,0.15104726118864195,1.0626028686192017,0.6853011137862145,0.35409283522655133,-1.9628011900850584,1.2714587655579908,0.6585930543497827,0.9014508483524516,1
0.29790932618203314,0.8664904578680648,0.6723296683272246,2.246757803773835,-0.21003243304653268,2.9359884801813827,-3.598821292059404,-0.7249136953437347,1.39852242896157,-0.8724580944857344,0
-1.3535015092526443,-0.9016841939505778,0.27510599949673326,0.459106767710904,0.6476840145316545,1.6374250814854563,-1.0447788226690624,-2.193202556876348,0.25297448925019483,-1.122696621651593,0
0.6715636302105388,1.2049250430331488,-0.6320545953963911,0.932940270622304,0.2301067637483063,-0.2959852196322348,-2.4816240562686365,-0.34774443371110153,0.5769684947926021,1.853933350563732,1
1.498528978863673,0.20850887466746482,-0.7136628107933521,-2.9552448144929566,-0.39461377872826264,-1.863860696118786,-0.029568669512958244,-1.6692297882395735,-2.0938140017899203,2.127500031321497,0
-4.225988926283508,-0.3083734358281051,0.06107891748955054,-0.4428110469063379,-0.5722410221362934,-1.4665711179028786,3.1171175908162856,0.268891087170783,-0.6706637959515336,0.08712263705472834,0
-0.7493808476022703,-0.816891941712748,-1.236241568694111,0.7791178721786852,-0.2833963053636998,-1.629104436330675,3.8775436615963965,3.263624337497812,-0.35885172536612253,0.4361448261115475,0
1.1121127897322212,-0.6369300679636498,-0.7347880588721568,-5.789402698435442,0.4190669151312884,-2.022525435529534,7.346636532925631,2.8552447190961496,-3.35255858896378,-2.7177574403061673,1
-0.05170316146715437,0.11283463685039175,0.7602965451558923,-2.570862445514507,0.0015180177048737715,-0.6023997569691386,2.4229147187266586,0.634914875935723,-0.8299585978106157,-1.7620005468313447,1
2.5571899963035123,2.1639780375895743,-0.5975569124890164,0.8732246833105414,-0.13572013452092707,1.9137611764336697,-1.4899371986281684,2.7614271272323427,0.6412087521042975,-1.1148752007239295,1
2.1688359667010717,-1.655460943617275,-0.5240649447389364,-1.3849936660488236,0.9164299042194601,-1.6851976826148407,-0.4161125245958371,-1.49951289742238,3.1110512534875845,-2.4612091807459358,0
3.5402093451216174,-0.4786413982297715,0.8299775347631215,0.20439352880689454,0.17650693869456455,0.47275463082658664,-1.4736844077547044,-0.02562200414907423,0.02675856576280433,0.5170365853153864,1
3.241663091019263,1.1180722104520733,0.30470485637123207,-4.871386297249461,2.360329400052515,-3.801916744568893,4.0472100613270365,2.840550461028097,-2.602749967826428,1.021332906262579,1
0.26988961119731614,1.8607623864474694,0.6020379612035318,1.0886496574600921,-0.5256877580513983,-2.6579705299185354,-4.501909988418542,-1.7929825802071921,2.349001322959391,3.695882337576734,1
2.8291028589534806,-0.7175978475025513,0.7509636623805581,1.1687898570529927,-2.1839862885859165,2.831183904362513,-5.839432854967656,-3.747837077791302,3.467007242139574,-2.569039086385986,0
2.755536940559503,2.7766218091896224,-0.6765457472233523,-5.03704233228672,-0.2748923393498163,-3.2129468582254264,1.8491190335050274,1.9847181094382385,-1.7862538909500216,0.6799412305568466,1
-1.2862586766812552,-3.0734696964720474,0.3088382443027308,-3.709850373800299,1.0674949895657841,-1.53277044661794,7.364698542231526,0.9433099546885941,-2.23326021256936,-3.0449596218097774,0
1.613538545703817,-0.7214156996725928,1.6120737458548693,-5.941818925522277,0.16424583145886515,-1.4692983696811934,1.6315199651386738,-2.9475524430488207,-2.6388685481856182,-0.9091814994518985,0
0.46082536659440265,2.2206205547124913,1.5407474469627653,-1.4617134384894492,-0.05924965793025114,-1.3805334747326663,-0.05893888394607348,1.0229267513821911,-1.1307102182885127,1.7308342102833174,1
-0.4488135513310971,-0.49404202688389276,0.2571796292432604,0.5462323011865174,1.573841064095828,2.168914315522806,1.7671020037345484,1.528173199003471,-0.9646682660470689,-1.8673541754957834,1
0.7330445575177466,0.49101318922844017,0.6546754342986398,-1.3840972319141591,1.091761635138869,-0.37000876391874316,1.1101679703107101,0.5694001282501809,-2.5165381341840822,1.5252123989251516,1
1.2428548765987955,1.403211107716672,-0.3694247846850618,4.769582458997325,0.25100209191925826,0.1935634279973132,-5.922372280407682,0.05177875190246839,4.963063565825094,1.3592870335845346,0
1.6856912511288762,-2.4131067222342084,0.03477858556601416,-3.2775646685860145,-0.9214333418453745,-2.106177452743869,4.178013863028794,0.03455796948789347,-2.1184371126291617,-0.332085890501127,1
0.9614783677914587,-1.0731525450648416,-0.6565705622724456,-1.4117215064515445,-0.36404443232640515,-2.888266609061918,1.2648741477238779,-0.2758390766241041,0.9547852367565695,0.206671385407736,1
2.3678305794212933,3.160299302946118,-0.13785007702656188,-2.190405478821052,0.5702232917220011,-0.7511074343299255,-0.04227892819801295,2.6854856799102786,-0.039434949872699576,-0.6356237567562423,1
0.6472050394830602,-0.04303686039245136,0.7896250620122104,-0.31064409395397413,0.9040113376057605,-0.5480387991887896,2.5454680702766184,2.632914635096589,-0.4746718263298314,-0.5831784922789081,0
-4.978206224937989,-2.878556253833888,0.941399792437302,0.9007479865925822,-1.2760379820536618,-3.3001747494836575,7.315254766050916,2.328386343951271,-2.068444743798671,2.0712566669211343,0
1.4316716097150914,-0.29356101860858663,0.12391316607227154,-2.509387956441798,-0.5208128520120588,-1.9656960193696964,4.120909197568994,2.3631088562625155,-2.8170718158163766,0.9607982120336216,0
-2.6288496161964714,-2.0353450581430748,-0.44584146078226256,-0.604270648776531,1.6952130117377127,-3.8980265218951864,5.231423113167951,1.4966377837259142,0.32403873563051017,0.20245562186012966,0
-1.6281673640403145,1.419301334885004,-0.29360554600491234,-1.669722117487185,0.18797138247897024,1.4658941766321762,-2.1676948538623355,-2.750997433570295,0.20576668680352217,-1.7679289509280607,1
0.4934547175577034,-0.0382220642334975,1.089916213910731,0.4781361785466303,0.30095784607158915,-1.4923135393979017,3.792068141058244,4.146674305714639,-1.6318630876707392,1.5672718843528743,0
-0.8527958812761671,1.8152077030915503,0.9199237531329203,-0.9308854149954857,0.17156477350151886,-0.6909841268467867,0.5360197328906325,0.7609059763641234,-2.458604898221127,2.4858491268719947,1
0.17201187928175188,0.7728787289932527,2.040582490380961,0.2595470485965305,-1.1798415813490835,-1.9022508082819656,-2.394787632735889,-1.3558874774220355,1.5840377380021218,1.8689712888538905,1
-3.4986215400345637,0.9657914049696796,-0.3545621619082185,3.7577575505871277,0.3489804309512983,1.8740830201421599,0.6620033243411648,2.5419759685308683,-0.605559298661394,1.0829968723955568,0
0.9490335265647122,1.692711767723689,0.6231127724403472,-3.4021290830300375,-0.24224632174692032,-1.629489876125434,2.4623817737296427,2.293303273935705,0.3003323162269993,-2.4996766823753926,1
-0.3959535057700124,-0.9673259975287247,0.33579092986343767,-1.7717690722562456,0.8065385970461817,-0.8957476880237853,4.535852524429382,2.177352529778741,-0.7639198387155115,-2.182263642210259,0
-2.625816238783168,0.7165212362378064,-0.4537290665450198,3.111230431173481,0.9161757723341288,0.2972139002521317,-0.3617499270969223,1.3638604547267308,0.9309808964527654,1.1711286574513624,0
-0.7513420623226805,-3.9009344641050374,0.6041139636772566,2.4604720888688654,0.418560046912235,1.4461794035228437,3.0752460941197803,0.9371223184045083,0.4276986505930591,-2.070952571335231,1
0.21533294839083206,1.167529429848291,0.8706033323263334,-0.5886178171849372,0.5886414079084737,-1.3823670747251438,0.8692166825856504,1.8221067705132594,0.8814046062248213,-0.40849567713644697,1
1.0937494315267198,-0.8176079481991031,-0.6226386727995794,-0.4419126388517735,-0.21423770488368482,-0.6309328147168735,-1.5037446550904454,-1.6816721377999275,2.8100901678497534,-1.9068593967880165,0
-0.2288051541858651,4.038117030032678,-2.089465936069244,5.820338887110212,0.6482651015599429,-1.4479674418089448,-1.549387543433488,6.740433701991301,2.8054643595277993,3.8095400490754816,0
0.2281867145974399,-0.678148857802773,-0.191876650756224,1.9734015414803814,0.43943354035035903,-0.577267348669663,-1.0935445445064147,-0.2528225745431427,0.6020897823264293,2.0375496635990906,0
2.5960961481543205,-0.6795711267832845,-0.004404730617530483,-1.5935339530197818,-1.6372622080556045,-0.5828995264579167,3.5085501766871987,2.9100240666104735,-1.6010736140754869,-0.803258231093864,1
-1.1439595348789708,0.6711852414040245,0.2678732298726597,0.9168066553231512,0.8400695839242975,0.5020735746955769,-0.16759138916311256,0.08585390433900142,-2.71480453611053,3.2512175238263143,1
0.3079054465273883,-3.1222347154050247,-0.04567614610808617,0.3421268267543059,-0.3215203719156726,0.5557528563597587,4.3857642707528095,2.1664742529672703,0.9336233043434867,-3.9837472989691562,1
1.7491897731536867,-1.3097215616292663,0.02273827582596621,1.637038310781943,0.7645571764725975,-0.6194985142098434,1.4520540590693876,2.0745002702940094,-0.9338617511452785,2.067718584924685,0
0.8660410965609653,0.8724758683509108,-1.0751116139987786,2.7261706401111248,1.0717436164388956,1.1197660523380966,-3.2119110921165968,0.5219543563190938,3.2747179597107916,-0.8724659470548412,0
1.2776949850561352,-1.7702782039207101,-1.553575624011869,0.9754466129468118,0.3839645568191338,0.030458232598907897,-3.113153541997672,-3.590681578621025,0.5690297388095666,1.8294231544516435,0
-1.5883165963323147,-0.39137126859141536,-1.781083946957629,2.084055493285474,-1.145319577173168,-1.159222963008434,-0.08084819383381489,0.38472318430269875,1.607757465742257,1.0208724747821696,0
-0.2805805113531634,1.3831478893858324,-1.2951597425947055,-3.4800150955289975,-0.4144341844397135,-1.889371109495269,1.5638610112425597,0.04294710768235155,-1.262352772478621,-0.06898013212696708,0
-3.4935662884497756,-2.402553198104097,0.3753352840531997,0.00729355414736195,0.42919019520157814,-2.4925444393223817,6.512389528658829,2.301348934225575,-1.224047820203557,0.11542823872529151,0
1.3877409076468328,0.8062597575101315,-0.31453917318196384,-3.863357104999127,-0.3954824095940856,-1.8907790319069635,1.4987894969134035,-0.05454905784285424,-1.5110574421259673,-0.031463992514968564,1
-0.485892739875589,1.3654601622841462,-0.45307011206577696,-2.093006022854861,-1.703336630192535,-1.6450349822329116,1.1306791384955113,0.32904536074679525,-1.9706153535374238,1.7383870141930864,1
-0.6436231945057136,-0.43491713891465467,1.3393082672163463,-0.8869129231475263,2.22505038977651,-0.5107273350795332,1.1468682604453013,-0.1841437670280659,0.15919664790755583,-0.9835391917715497,0
2.548625597153164,2.020161763675059,-0.47366286013825243,-4.246452504775225,-0.4372929876764216,-2.408759688060955,0.9722455687467427,0.7352481154094371,-2.269465595725448,1.4305342083669152,1
-1.6668248850719862,-1.3476103720471935,-0.7426024910718175,-0.5699094741636251,-2.449184317428756,-3.8847857215798562,4.22582175502823,1.6186543740101609,0.24726385917875016,0.9163728877704362,0
1.2136402890679312,-0.6438254150063196,1.6302103897305136,-4.304003702905857,-0.2713797837877286,-2.1190749630389494,6.0758732302690985,2.9251239833564187,-1.5619418888578505,-2.747970565231266,1
1.0188763978205087,-0.7669625913253935,0.12810029537836556,-1.4888628788040623,0.08828057629800214,-0.9731081573527742,2.072684604004447,0.5471446773413497,-1.548899930102624,0.4286075405287939,1
2.2897936413352418,0.995110301026525,-1.3173726885834218,1.0825583014533602,-0.32161753412832306,0.21726672346457843,-2.71785158466433,0.2409592939697438,0.9490584479410076,1.1677863845259493,1
1.5546142882587795,0.4589540459149843,0.03217973206216159,-0.20292825763017405,-0.2874628897575013,0.4758292701890181,-0.11810343302904634,0.7514788597911299,-1.475043953182538,1.0822608448533813,1
-0.30662068778877716,-0.8550603774910244,-0.04292093476755943,1.9654719019178608,1.0480764752784406,0.42680571170699944,2.554861286411437,3.2999136960470157,0.9886669327989126,-1.577228713496355,0
-0.026174388324489484,-0.10681343058504911,1.5059814143777015,2.111067567690243,2.461688713019746,-0.21701796232021642,3.056221619743546,4.633332251319974,0.2657345006914955,-0.24693038835343106,0
-2.2579813070878725,-2.7091579571547726,-1.2193883015799516,-0.7892421326553329,0.6716201445407682,-2.0981320341647027,4.844679052579325,0.4997597845748311,-0.3483681930266065,-0.8945717548574577,0
0.542491341976998,-3.1131322429483754,0.4040584126748533,3.8089715655968024,-0.0993020168191675,1.010540607593175,-1.057106310495293,-0.8524892492384522,1.627086951853763,0.5032075117877409,0
-1.2748969334467952,-0.5494989369445717,-1.755847980518982,-0.18548298039881256,0.6043908353988631,-1.084762998085013,1.8687458315401375,0.6424574287212003,0.4394007549844484,-0.5892165049191523,0
0.36020896923294604,2.1073122530332613,-0.9701689525930743,-1.1871285099599822,-0.2580546955259162,-2.0031885246498007,-3.348356177079297,-2.3150644449735003,-0.26047457174225885,3.5251001523589505,0
1.0550544863688716,2.9721023614210678,1.067481508957694,-0.8232239837433766,-1.5552536564620465,-0.8424839538778112,-1.1937824056038568,1.7259483666167723,0.8445322617565552,0.14311542626617213,1
2.0174471697291025,-1.217559273028458,-0.20695188241150875,-0.7470028364080163,1.2998218651322548,-0.9298141623067724,-0.4743103089536319,-0.8597270884360368,2.2235788154956904,-1.759721253914242,0
-0.7370353991838037,1.7880354254547859,0.11379501987481701,-3.041802640982779,-0.9888541071086473,-1.8089157546267638,3.2699084778447327,2.2276832391642953,-1.809249572356559,-0.19992675379800884,1
1.3061510630333013,1.252068811824475,-1.358061216362699,0.8469657833453313,-1.1944362804708137,0.9165844778759955,-3.636259927459161,-0.7969790960039556,2.5631045762407076,-1.0138576239509212,0
-0.648713173094253,-0.30256933895046023,-0.77009963837345,-1.5905851558097144,1.081466502090373,0.7639608098932413,1.9531998897906382,-0.06372735993770817,-2.3716547239135815,-0.5268918296888415,1
1.5278779514242737,3.6547993878086604,0.8439441434957388,-4.640791330041362,0.9367321503690821,-1.6400442548808396,0.2330384075895974,1.050107826705627,-1.0526807967344158,-0.56545578560307,1
0.8725526879401526,0.03878545763481245,0.009530188887611042,-4.160751261375767,-1.670793082665393,-2.9303844420688083,3.591843197939829,0.8552661870591807,-1.4507210630270677,-0.4564578976015937,0
1.1995693602049764,1.3703461849611194,-1.4992635906875131,-3.080944311446473,0.0641687988932568,-1.2201124610057543,1.7471253350623535,1.2515314800867638,-1.6294808660745144,-0.154953439570225,1
1.9432255519319162,1.1960825469967082,-0.39603662181718885,-3.6967256391978074,0.9722756371700164,-1.037787401123667,1.7712632713986025,1.2066375016216648,-0.8695746205719421,-1.655622591253403,1
0.33407525690314754,-0.10789374016092901,-1.6113403630000906,-1.8784772260440492,1.5284097501986378,-1.201166076363696,-0.18565477413844503,-1.7113224321184795,-0.8784950667505136,0.9477760091968978,0
0.3237684702092413,2.3262811865202604,0.9411202843198736,-2.3755493783398,2.163771543492444,-0.9568063345458682,1.3318389828739203,1.835025516538009,-1.5753482518749828,0.2880661185823332,1
-0.16073925979475223,-0.08618795302998994,-0.29859061670522524,-1.6703381153651473,0.7473523729775792,-0.016757113672139057,0.8606470455963778,-0.5437201928628217,-0.5828967923305028,-1.0901690135415691,1
0.9911527108820959,1.7769202081766655,0.4170977472998734,0.2785101327642987,0.432926501716424,-0.34251418477105566,-0.470325539529893,2.3305883828009657,2.13961739187356,-1.4485302444992918,0
0.2954590956053542,0.6474882617042224,0.9429037608272549,0.6887116433311963,-0.4635169534288155,2.280101285627758,-0.7652385808394204,0.8001113598387134,0.8330419096205668,-2.3576307649125168,1
-0.17130154084518634,0.36086477550597096,1.0763069036922208,1.0534800773438528,0.8591894212286851,-0.2404098016879921,0.20931220956973892,1.1535168951597534,-0.32932723754415894,1.295536490823011,1
-1.6028913065153327,-0.40572135869102677,-0.9781845243962075,-0.49880850985405617,0.660387726970379,-4.6420384441734655,4.133338054961929,2.5490847506879906,0.6488657429858771,1.4131171231060258,0
2.1919290992253346,-0.3140932299181701,-1.281739586601146,-2.1957617247575327,-0.8734174479758082,-1.4792508491610692,2.056592112570971,1.6178267997146518,1.5860073929061995,-2.9838269626202676,0
-0.6633613948373953,-0.4395695852515611,1.8551222522147504,-2.773838086939825,-1.5598271975670897,-2.704971674627693,4.516369223731803,1.5570291263734648,-1.5011659978108152,-0.17542221613039555,1
-0.5578276450319779,-1.4279963719580298,0.00952059041552408,-2.1710660331626563,-0.18615733441324753,-1.4974794001513054,2.869406577273024,-0.241631537834331,0.38429269878368993,-2.1687730183894702,0
-0.679157797252139,-1.7222872100897058,-0.6035251202144674,2.444018644727418,-1.396276194924627,0.42237273044226664,-1.0633802013433038,-1.085122376401579,1.8225069293493263,-0.08477833006103752,0
1.9944967932229285,0.07878781801440282,-0.15226257401198282,0.3404579660943054,-1.0899245047509811,-1.8117478307725223,3.1588950574121912,4.097648996627841,-2.4194008262711195,3.067577469863301,0
2.666813927844384,-0.487160109768376,-1.834517607986824,-0.5573275680629461,-0.19359151624920717,-0.7883559621767019,0.7830900808526934,1.4259235554981944,0.8900500622392189,-0.9846034065349405,1
-0.27907042712850294,1.5700650668941827,0.1199494072158897,-1.121819043996405,-1.6199134132567492,-1.1265549095901743,0.7342620442395275,1.0753637336061659,-1.2541135445754068,1.3621875052600019,1
1.896256462619647,1.2461667458338679,-0.7383407461266565,-2.250999308966725,1.2611509197768924,-0.7806197002069917,0.8481444117299862,1.212150009014149,-1.323075080101927,0.18769195730463417,1
-0.9900698828285233,0.7965650387057108,-0.07434497080080309,0.19455469518827784,-0.647900090441854,-1.4245429525099023,-0.7552148857995068,-0.6939402582689149,-1.0846036504334704,3.298284019749035,1
0.42877884471385613,-3.2484837383861045,0.7452865957292586,-1.3215080495020495,0.08327383395187551,0.1240319132365526,2.3824595933285586,-1.5279754052286998,-0.7353369873831976,-1.7752432926485098,0
0.6420555432527443,-0.4329193968671757,0.7954566743354144,-4.285114146218276,-0.16175380048051366,-1.2044609108616535,3.88142833252814,0.5565706298898998,-1.8214171213345034,-2.1566570640267866,0
-0.43951597784227703,-0.9034236242180795,-0.13378575009704688,0.3600729990347068,1.315665290187589,1.2871903553260344,1.6216998496453263,1.154629246216756,1.10933488161562,-3.291763089375798,1
1.1575527221741844,-1.2863351701265362,1.7495524137598,3.593943156796068,-1.707213963150249,-0.6437184350586703,1.0532956002711191,2.852046097666012,-0.37635993924987854,3.1629672601506984,0
-4.221000990536815,-1.9912015933153695,1.0099389369065275,2.3540896045592348,-1.3558456295167285,-3.4566575721516895,6.475898557439721,3.9691425955389183,-0.7083210063149616,2.3470639051659266,0
-0.8387770118798417,-1.9198155131334333,-0.46533161059662415,2.583179636995745,0.7767203190171911,1.5122452895894034,-0.7184557870036693,-0.6645448091076773,2.6367098100069324,-2.2441243297418625,0
-1.2389824734898685,-0.1702183345013849,-0.7857290267431303,1.0291202007753375,-1.306004745008457,2.934892853862089,-0.18688126970258728,-0.21151127204641962,-0.8981819226821737,-1.2698272935288688,1
1.8224022473568415,0.5680626194089833,-1.8585263103174872,-3.6425866024579925,0.11143622465638417,-2.7379743172713273,1.1735052666895072,-0.14264107877534904,-0.5368878269548638,0.14374777621220658,1
1.197907912591774,-4.669203813983216,-0.6982755095374255,3.845612970503283,-0.7109215040248215,1.614417492517626,2.4506217236741192,1.5909519202194864,0.8739059964224873,-1.3357991848589854,0
-0.8660201261314942,-2.227592225679599,1.3352458513781529,-2.5146295262694762,-0.10866047315495848,-2.174496662771268,3.0464177703614346,-1.309092696332926,0.32718997486470536,-1.7769568066032013,0
-3.526779816123522,-1.0093545074882062,1.072255727093294,1.2757518785107875,-1.6248787504290962,-0.05941573190858207,2.4774697299903443,0.6241793372221589,-0.43678785911090734,-0.01871715460905632,0
-0.22401439801356582,-1.2296948003402481,0.05489530616308714,-1.9541252585806466,0.3005235905048449,-0.19456097439616438,1.392508327537728,-1.2559810001246297,-0.02625080483248199,-2.0723043731148083,0
0.4273432230364077,-0.9649412646181525,1.055815620063024,-1.149426683612087,-1.2797216319863531,-0.6474722357300553,2.822459073886839,1.1495774941871537,-1.3071204647945551,-0.37817035652397823,1
1.4393097840052584,3.03661514155697,0.13200819966670008,-0.003205526891691549,-2.394313375560991,0.5417805943308431,-1.9474805030431597,1.6668871956247309,-0.30084877889613315,0.9968848396536364,1
-0.7784753584194652,0.348994368136724,-1.1356915092941497,-0.4787650556723136,0.18263826551373005,-0.5905695156976088,-0.3653914022271985,-0.6882169373756908,0.7485772492287333,-0.35110328488363063,0
2.6676879354202625,0.061380857028526914,0.5794543965714483,0.8265587999976212,0.4735602019187572,1.0387790272176525,-0.851873494333039,1.2980348230087435,0.5589631437579119,-0.5620317082266175,1
2.80117610783703,0.1172406118773297,0.9505042868525945,1.084427380107389,-1.3382455120982928,0.32734822540131914,-3.021345991556151,-0.170021212961751,3.7003207588132607,-1.8312983200334045,0
0.35873429504342563,1.1111361202110575,0.6868806911819143,-2.037453658795773,0.9223446752532993,-0.6493519273416188,2.389962299491721,1.8840335365007126,-2.3896299021315794,0.4678232770617473,1
-0.25040713511023993,2.257693524752826,0.7263803891773459,-1.3286740328220001,1.0134005633930905,-2.275528803960909,-1.9490725999171412,-1.1242407034859578,-0.2743518487649368,2.911476959936735,1
0.43388274094093604,-0.7994843033558496,1.0544999618883544,-1.1517335162010462,-0.8873726569741932,-1.9792659882566919,1.4998302997522073,-0.2953958555215921,-1.8899865572059038,2.4442693422208555,0
-0.34411591049944423,-0.5217591578780915,-0.07913997467484321,0.7867549229468208,-0.07275057574056842,-0.24039133395757883,1.3393552308850547,1.3610568857861864,0.5523826674336123,-0.5599677561292775,0
1.0162517891479301,1.1096001561034399,1.3519368438488717,-3.1484018767652375,0.3466231965824042,-1.410714726214529,3.3835923829467918,2.4983450090520805,-2.007263013254617,-0.5398385130569386,1
1.6272929068112638,1.939819767800827,-0.22614094860090914,0.788546347614668,-0.5713461340330398,0.36254396819582846,-2.688963649740151,0.5100574413634076,0.08381731073258558,1.7509685771857297,1
2.810110622224424,0.26655474691960124,-1.7180704893500496,-1.0099637267388895,-0.21217563697848127,-0.7381320158200422,-0.20305422619761188,0.7547125909122879,0.1720184114566976,0.010654168605209735,1
1.425020031339443,2.140089835064469,-3.4012175824876802,-2.9134536536608615,-0.1658672465778088,-1.1392369111195075,-0.059067498165256076,0.11959501623415025,-2.8447126531214613,2.2958082281633976,1
1.1588473717411285,1.2635963148805776,1.2160853516000192,-5.132832207819765,-0.12279903006786766,-2.8819084308290455,2.438795956762637,-0.05582315905143709,-3.455478965521178,1.686761586452313,0
0.8920990010247047,-1.0168689431804379,0.9317391089707456,1.094537406094482,0.7389609900292505,-0.16685265578369624,0.8304881152491472,1.094397460617786,0.02163666138004161,0.47791859795019737,0
1.2204464268387218,-0.7891876834039094,1.8656496400033344,-1.5166339433313551,-0.32166058183657925,-1.0937208164483168,2.527791180122258,1.0446281175865701,-1.7472968952916696,0.49561147507220343,0
0.7531245310765142,-1.7288865945225185,-0.9248778332608745,-0.8141176714839532,-0.16457296609699215,0.7737250461417637,-0.2796361397203641,-1.9135944480149292,1.183593257748692,-2.61822690534556,0
2.0890443329019597,0.5591963357961911,-0.33511597448845215,-0.3031404413541195,-0.09274348867814998,0.2937046183847889,-0.39420691510000117,0.876732034086275,-0.7753083551971849,0.5987181558490347,1
2.3242127886139725,-1.7019474382566806,0.9684226719204587,-2.7003052484472083,-0.13823955990857695,-1.283090780014575,4.835144603291082,2.0039245103952155,-3.36309699216479,0.2568869500472398,0
2.1879026294528563,-2.5742199338026026,-0.2075810906535512,-0.4365714905617569,-1.6002774849153745,-1.2558815699971086,0.9114282739340221,-0.8026983159879557,0.3250073296942624,0.078693372773038,1
2.24486351946726,-3.13973088537944,0.1910495244897168,-2.93851472860183,0.9385045005422559,-0.9087017571100169,3.1937125774109094,-1.294359417920364,-3.1554008666532933,0.3510375514390943,0
-0.028910775532063004,0.8997210606098104,0.2040007158206628,-3.3304595637325782,0.4193847007589239,-1.5135891341760712,1.0087464669355442,-0.589189676743896,-0.34449743352661316,-1.0608231209899532,1
-0.15516596264296656,4.319076731392151,0.18766848460067395,0.18070021326911143,0.959319718960553,-0.4504125331398942,-2.8190551373734554,1.318470600310977,0.09985766185133627,2.2591355608773247,1
2.0478286589520636,-0.08576857944649108,0.3760978409469864,-1.6320742447240943,1.0793574704259703,-2.349968948171761,2.612132870498772,1.8310143109734272,-3.07355917698343,3.1950957592960068,0
-0.27277496391994505,2.019516216336881,0.8640138938192731,1.057372845068833,0.11371446205567243,0.16016525069378795,-1.921284795572729,0.38525060133440703,-1.073589419326394,2.973252141728068,1
0.346143612862227,-0.8401761459068098,0.3418173764603952,-0.29479644606935335,0.5518844479414068,-0.8929849432072018,0.9527275166602697,-0.04518089014056814,-0.6660742884242847,0.893510033656793,0
-0.4070276750045219,-2.724698737922801,-0.7557833350347971,-1.488835705954096,0.4622186773708254,-3.799942752050047,2.8952101755901847,-0.8826892433920297,1.6679567595169114,-0.686271079438077,0
2.9999018148352423,-4.9643008840521565,-1.9055681933869062,-2.4114409685895417,1.6039235530427034,-0.118895192196936,5.698794432726793,0.3558112575528907,-3.250063583786046,-1.4747008567114646,0
1.0569836465389641,-1.0609819198407517,0.8954127785426722,-1.9556469747920826,-0.2680411510529184,-1.1710168378895136,2.544622897497696,0.7330631927937064,0.09976682910456025,-1.8129792777928033,1
-0.1645551969146043,2.4737071971067346,-1.8841351317315425,0.6521594879716183,1.2792724362617844,-2.6236412955518924,-1.5966718435086527,0.7930027947687804,-0.7238389561332098,5.065936549979734,0
-0.19717822712467614,0.37003328209144554,-0.3429545531544944,0.6990958579666269,-1.004261523284753,-0.8141681212436275,-0.9380649312508968,-0.41248395167552654,-0.6205108136457635,2.6214198356146614,1
0.00898856915523083,3.0565710144962184,0.4306467786903819,0.903880745816361,0.2180408755432106,0.1997561764331327,-2.2798175249349035,1.1725583044268566,-0.5193968249943068,2.447809727025885,1
-0.7345931928750034,0.13905261501026478,0.8742883983254378,-1.304345430887301,-2.689073647970143,-1.0008933765132817,3.794180149606068,2.32949142808607,-2.422518671374319,0.5678915066013156,1
-1.3098422399225937,2.0348303581884233,-0.17344076049247018,3.03885415837232,0.5443891007524427,-1.4548183593703514,-0.5868229041991877,3.0760517483253196,1.7989715905220118,2.210310107211857,0
-1.289701046156463,-2.0228974908731523,0.5330334480775188,0.5726294303916616,0.2556142926886245,0.32448144917056587,1.748542302410797,-0.30822169474535865,0.4132604917920873,-1.4648805159169838,0
-0.21008637830586574,-2.4189129056290364,0.6608285298467225,-3.976602354949024,0.16377969853450436,0.5784852987832416,2.3322110835777874,-2.8502862985154023,-0.32256302747886223,-4.657760770483066,0
0.8463636749768526,0.5435552745223855,-0.027872272220532786,-3.257418557924402,1.8484666709775484,-1.8974019012243493,1.3985506526753884,0.011231607251375397,0.031178443304317405,-1.234574384192091,1
-1.893697772282724,-3.703020789233963,-1.7334482517721694,-4.636441647890338,0.8132736374800928,-1.9700886698084328,5.471885673394921,-2.547448176452553,-1.5074781001855395,-3.016573533476188,0
0.355323089528525,-1.036594678127998,1.1343698129352586,3.411362535580459,0.19633903475854003,0.01350988236718409,1.9478236636438984,3.7048196619053337,0.43803762000405944,0.9077823042242671,0
1.990616397407116,0.8204443089899024,0.3698045923001871,-2.8219029042764032,-1.7999815592443273,-2.0486648261012403,1.4889532987396161,1.3014693522139473,0.23573897433754465,-0.9976459484325715,1
-0.07459879016182791,0.09154165104582312,-1.0599264496018834,-2.227950022332493,-0.6231399001724935,-3.8476425825429823,1.152089604226397,-0.5752379451358527,0.1488119874675653,1.5873453929178591,1
0.13843153056904556,-1.1524511293849908,-0.5469427230142555,-0.2521136779671275,-0.059389113515218604,0.9601948660940482,1.8278097665718498,0.7096780594253264,-0.28859958535172203,-1.9751777428675068,1
2.152455327483091,1.7008475958277773,0.9591944986010802,-0.3776946269380279,-1.2627985302465263,1.4021520013905733,-0.5770097808042108,1.806897778870812,-1.1677363041423323,-0.05741389351858772,1
-0.22943385868347832,2.5263185984839227,0.7272307899475464,-4.9262266290428505,-0.2422547622097107,-2.186927453745799,-0.1458595464715585,-1.4838676400819713,-0.3459408620870058,-0.8272510461907794,1
2.299414195824469,2.4440629660455264,-1.9031479087683314,-3.5734967184951265,-0.27239996418024703,-0.9762156783005707,0.8685426100948246,1.91041742409274,-0.05172504419241897,-1.967133484053249,1
0.156303728100753,1.6526359897194858,-0.4497168052927347,-1.371784766427394,0.9573192536746996,0.424431305849714,1.6910054775182466,2.277758664751211,-1.5828853980137976,-0.648264554755297,1
-0.6106962860869796,-1.2192673053410923,-0.7473207636077348,-2.3039386702462714,0.024505262805079357,-1.7027245251176022,5.169515429958351,2.031269383856196,-0.8630554998723128,-1.9916665408078447,0
-1.2942537591974144,-1.6764529629986042,0.07576088853079356,7.886578285025792,1.3202135105789892,1.6215726964994024,-1.450600063909306,2.5783230350588004,4.067734761617965,0.4514038633955667,0
-0.15158890057389152,-0.8433952329309735,-0.41396373571469797,1.5085953950624469,-0.7256939852718729,-0.23708411791998107,2.010990754008446,2.3042978294023637,0.23991735809822745,-0.07134210033083488,0
0.37723318103865955,-0.4010931763597322,1.3334551788469704,-0.1065275386086483,-0.6518234021174624,-1.9493858632657344,2.631958214001739,2.5283878202966417,0.9574290574316627,-0.5916118301626213,0
1.7964214113242563,0.6629147877406018,-0.5394415770734903,-2.644993510944109,2.7284629462796945,-1.0918577345075788,2.1660043747792295,1.560700135961718,-1.950127794854913,0.13659786219324765,1
0.7311061240880462,0.11927115475574923,0.2306447127797423,-1.6928912913295717,-1.530951734407934,-0.6489416933486585,2.5957657613640626,1.623886978318183,-2.0179984693777366,0.1716405720741404,1
-3.199872068034706,-3.566174818403721,0.2238477375762193,-1.4051105648043596,1.8964184865376161,-0.5537988445510165,4.572083956245836,-1.6548650502472027,-1.558462823145098,-1.5431873465473283,0
0.5294129102326492,0.63713044475182,2.260077858412446,-2.5800350829330063,0.45714159660028186,-1.6085092237631766,2.4203218510702658,1.3558191689055876,-0.8727053318608885,-0.6262782501981057,1
3.0074364969327414,-2.0232023520321474,-0.4906106192896288,-3.441436877318605,1.4745522187385496,-2.787255471051556,6.795264222831042,3.0273530058440574,-5.774309082387446,2.8345798607877075,0
-2.6985165627187726,-2.4654247533079383,0.8388901997926714,-2.3167471282532595,1.168961422925481,-1.1555322640815833,4.383291004736936,-1.0545240420380027,-0.7719832674318283,-2.304566342768837,0
0.012131536981340507,2.324249692122784,-0.7089466236335207,-0.4148893670903373,0.9703117521915409,-1.1569134160610826,-0.9577100256091453,0.8787359206281904,-0.15624048576695182,1.713967286154999,1
1.9163853738661774,-2.4883722447254124,0.745377097739264,-3.84843813715192,-0.180381140484628,-1.247900918652813,2.6081028910464816,-1.3128361987675963,1.1720575863755496,-4.399873441856219,0
-1.5955793715401565,-0.6496398421032976,0.5823300397534367,1.3697572696437308,-0.3587325908486288,3.016777936674158,-1.0997219393934252,-1.1656934030660733,1.4001435677106866,-3.136395875786202,1
-0.09528062906650514,0.41661454140848364,1.9655418234819073,-0.8998696290970492,-0.3925350076762888,-0.22745812720686165,2.0996891312608357,1.4650281575144413,-2.5390497865422095,1.1747837259267104,1
-2.09785508122088,-2.01699926909709,0.07956641028962137,-1.1052099188373987,1.065998626813942,-4.02917329123281,5.430671285060876,1.5029924596195112,-0.394892789718273,0.6558209245268585,0
0.46492029975353044,-0.7015341573006942,-0.3158940823183183,2.11142830815611,-0.291867936368546,0.15050094688596516,-1.676777148973998,-0.34645064923774904,2.074143760772381,0.08161878405872036,0
0.7965675408817292,0.8937024726962461,1.0075100361702536,0.46667914160463847,-0.10147914821626428,-0.033532609867762186,0.7256324956911091,2.628716729202904,1.3191342348889163,-1.4487928297445496,0
0.19661335369964117,1.2739912226430288,-1.1430123679928132,-2.274422884776245,-0.31646527154495047,0.24274351191539245,0.7559358982567336,0.3689598808940902,-1.1231883270735354,-1.111821381476057,1
-0.7832542040928843,1.7784204105409354,0.29391887174279013,2.044062014464911,0.9047583626114435,-2.740268088475003,0.7904824193987291,3.7498838845473843,1.8120782720427822,2.0224065351884084,0
0.12145313295970717,-0.6166050544383221,0.6988568618452132,-2.028842447290469,0.1549340615060512,-2.4158650435361086,0.4449527513957708,-1.9165359852932522,-1.1977782001966109,2.093851149865106,1
1.891028502157099,0.8108546143547054,0.23015307376147484,-2.6018192588576885,-0.951362822011264,-2.040566154613572,0.6670537649588107,0.4616919554953396,-0.12249251629512792,0.025809764041212713,1
1.4659850862445576,1.124598615534648,0.788200479088044,1.2370257996452523,-0.3228728258400901,-0.40726516662023005,-3.283313290145601,-0.4749584115834733,1.5903431689855247,1.5530319760395197,1
0.8652220345575641,1.48243487628579,1.4684006312397795,1.589711954965202,1.5320694446833236,-0.43002573159700314,-1.9653466722427957,1.5135407481629766,3.241096512890672,-0.741073597380358,0
-1.8220517671184313,-2.284155382903485,1.4389076720449032,0.35274938135406075,-0.09294404873457612,-3.3014561446830966,3.8342334507125897,0.8629182547846376,0.07017571351589069,1.377650603764905,0
3.3010052944440975,1.5398554647773408,0.23914774231693153,-3.932206189052681,0.39148811203762857,-2.70477513572822,1.4971812391929569,1.8194167603119842,0.012165450326869665,-0.8455138747249605,1
3.2861311965262425,0.9258575221183598,-0.9743610263034718,-5.3176215438438055,1.3444016542155615,-4.252564747507269,2.6060311971153203,1.1031730265128261,-0.9466728431249644,0.16043312689201072,1
2.5499603594093703,-0.5181791576774861,0.1469491154629813,0.3305743893269577,0.8611368458407711,1.2594528044960331,0.44072111490572763,1.3480866117301407,-1.3545998968785415,0.18201605848754976,1
-0.23933081716900473,-1.5189620342916759,-0.36558527174337785,3.3433227104025587,0.8031690847595739,1.125174319739371,-0.9430692909998103,0.2715070918933321,2.4384972209764486,-0.8929778124819137,0
3.1274787770782932,-0.5348233295119762,-0.6827746907743946,-2.600382345052515,-0.7609308332336572,-2.2660763644198187,2.166644101955292,0.9763177548757493,-2.084513390693301,1.5494481382444205,1
-0.7615247325836196,0.291385513133382,0.6485204144240639,2.201115187308315,1.3495040094592823,1.4052857599432123,-2.6558902100588493,-0.9179719652061624,1.8081181163729436,-0.3146735240840686,0
1.3271504624837143,1.898425730819328,1.6045528779056926,3.8220141754967787,1.060031801349614,1.713124166433569,-5.488082684646582,0.25749685025261404,3.668633057734329,0.23457683532282747,0
-0.04124927949538737,-0.658519871451373,0.10230640972714854,3.3175718770171345,1.117095584891452,0.0428740371811438,-0.18669055932389667,1.68583271662956,1.159176394643223,1.2441596484627162,0
-2.1794597048478,-2.568604944596906,1.4892132541829255,-2.5425365625511693,1.3501189614423053,-0.8865903321894988,5.034855794969138,-0.472637780309054,-1.5017093132462274,-2.322278424496755,0
0.8762420678456557,1.104038348080513,0.67182718069079,-1.6850524864608998,1.2874912866553174,0.46480892571151466,-0.6708838827332254,-0.3462431016667007,-0.14590241276581706,-1.1575681087732992,1
1.8937521936953445,1.2888027628477534,-1.196289909768002,-2.630294071747282,0.37798101077275054,-1.3206239004298974,2.3768451647319795,2.5106920096949406,-1.5908157822299929,-0.10689586997121237,1
0.4341847615161417,-0.5646051489366433,0.3329538036801274,0.9280845633182963,0.8883477743823772,0.38441622588959756,2.5889012765982367,2.9146625690058103,-0.9423081227952144,-0.17321704764337265,1
1.7686717526318272,-0.1530762952195298,-0.9972651999180558,0.9110293098683325,-0.027629602728816822,0.6230345585002246,-2.8650664717629475,-1.15787071604319,2.304534616094341,-0.8489426674134746,0
0.11839669373290929,-3.064496531139776,0.6861011102380363,0.1774905512417932,-0.4898808898554232,1.0383380424463484,2.091107446057517,-0.4371018972998544,0.6157079338948757,-2.947387393275939,0
-2.4961518597993733,1.5326272280990594,-0.08843158217427748,-2.7231807706418207,0.5752619180279701,-3.0583936282182265,2.8438136582377895,0.7511893088630822,-1.786020677827986,1.5456908275354198,1
-0.9856316651010812,-0.9478192595982655,1.2137574303932888,-0.9243886379410526,-0.531460964798818,-1.2999272085147784,1.9037186497558487,-0.12047914623940081,0.34680860252649126,-0.8395285924877995,0
1.2348067086809817,0.18669788927973363,-0.1194493454383307,2.479026549345315,-0.05396625366994902,-1.380593439108201,1.720300154420182,4.0672543032043755,-1.1495251548655379,3.6273536408636566,0
2.783839395354207,3.23180379142004,-0.26196273978065004,-4.730560391643733,1.033842965884413,-2.4152700331408674,2.010449256394809,2.946852379539421,-1.5229263133288327,-0.30602367867501384,1
1.0387699889337005,-0.47677417381407144,0.08405187731412538,3.2265319025320958,0.038742256874803385,0.1952608636409583,-3.5569603076531946,-1.1179047873753298,1.5835415271659181,2.5112172106777004,0
-2.1458351161445064,-2.035602798656723,0.4939503912721777,-1.4763126186611248,0.06288440541764208,0.8246452080189044,4.985393803505013,0.8963547255826401,-1.5507096797648614,-3.239538635518562,0
-0.036688432418017336,2.317019976576887,-0.9801885562877306,-3.7934081784318985,-0.9780075465139397,-2.9898375915337443,0.1684785418455172,-0.8246002197875708,-1.9867882809634694,2.5015540472723234,0
0.8698798044326385,-4.700165115409395,1.2478246415719367,3.016514875240043,-0.008991186676160891,1.213907413240385,3.784952174742786,2.0469299082924013,0.11180450431961975,-1.4649291861242093,0
0.14940825389524803,0.6267453607972522,-1.476179082601659,-3.1382613878555983,-0.06947387823211967,-1.1028999127296029,0.640866756593367,-1.0689495873466088,-0.7822290256087752,-0.6625072348035361,0
0.14042440335474982,0.2135047854978367,0.031592383041920635,-3.59113242529255,-0.3291196328950972,-1.742344347980384,2.3422224228878226,-0.23374091011252518,-1.7709498988494263,-0.2238931209771946,0
1.0765467663875379,1.1196711087187268,0.9778186854279514,-1.2083988293395769,1.008488458421721,-0.801639231308663,1.4568892039390227,2.2056834470203066,-0.43672070748062847,-0.35743974847432813,1
1.1577405538296621,0.6350617483877825,0.4890566889194767,-0.8635976997930846,-0.144585753915218,0.7917377191552435,0.8095981130926341,1.1323372191131886,-2.1793118340978506,0.4947909409754871,1
-0.74530069415943,1.6004066309436742,-0.3310734532753747,1.2063679628946198,-0.6841259018577864,1.1215929397711486,0.2627811169787755,2.0599430722582097,-1.9369566090189618,1.7393390931619237,1
1.0758263198042186,-0.19253985043685196,0.7774008587734945,-2.6281707435872033,-0.9516738534360571,-1.0571345756461166,2.4968195133304363,0.797637441098267,-1.4679816456544355,-0.6501425661922438,0
-0.2410250339995279,-0.11003222796939305,-1.9461369764016418,-2.4584714683892424,-0.5584221053293228,-0.6629908022397856,2.900159780672346,0.25669490073333934,-4.316634248851513,1.9537580734288937,1
0.19251003259420296,2.4948297168777636,0.9803729743199444,2.062793760500555,0.2750725934815501,1.1134584623669992,-2.7542477627433404,1.1263557207738573,-0.3694212558280293,2.4394043267901675,1
0.1968480248339698,1.209985772711471,0.018620051920590512,-5.133169098370608,-0.7221079773681078,-4.1244966768200015,1.434189866840337,-1.554983868955967,-2.3190071295715455,2.309531848479541,1
1.358030670695097,-1.7381098985688705,0.6397647743509607,0.8889966766581595,-0.8052988616124452,0.2465026580725609,2.9375093621714803,2.6705356971739285,-0.33941519754606936,-0.9438603264945002,0
1.590420569875405,-1.5066012196001517,0.24670915009452335,0.17161656356294502,0.26539163679369887,-1.3580969962977063,2.9158635655347678,2.0433759125452964,-2.0872863632927494,2.17633129725178,0
-0.2271603692194446,0.13774250660180853,0.5334550674378793,4.6698528958044925,1.0412509892196513,-3.2170055324287983,-1.8709304940074525,1.6850823628533882,3.291743101814613,4.3509017195626285,0
0.32811473257201457,2.045446314150607,-0.4158677919486702,0.3024689510748313,0.8389285355441111,-1.5580022711139248,-0.6595631257736838,1.541368250117766,-0.23174799201264684,2.58508268058862,0
-1.2464432924051807,-1.3548799711934763,0.723032467683948,1.3156397659421653,1.3578695036260593,-0.24409819239542496,2.1666301409986524,1.3288503546425785,0.5937841918653042,-0.7239467361005871,0
1.8928389884463834,-3.1784289642458283,-0.920705510799931,-0.44531313270136497,-0.9006299040657466,-0.007385677156735437,4.950497258570822,2.429473784461882,-1.7581882711234664,-1.3013892418143522,0
-1.0034114832942738,-2.1184939321254284,0.3193696849624411,-3.4456217452272937,0.2352899636329875,-2.64548817810294,5.48959953465586,0.4841177358832475,-0.4048095072088014,-2.57194819401074,1
-0.08599988972526906,1.1495432352609416,0.7872036376939513,-4.0235610641307105,-0.15832590696196328,-2.8459328326414175,2.057878229432347,0.14411019379456236,-0.3470044373840132,-0.7610276234441202,1
0.9358829982480724,0.7698785350482305,0.3622573378733166,-1.7126596209877658,-0.809190291222901,-0.05276534173030645,-0.4689141515486356,-0.5479884621082372,-0.4488851220196017,-0.4201152391575331,1
0.1360608893557913,-0.24466048612777658,0.08086475193439499,-3.1105034582670283,0.5323933013190042,-1.4874213901752764,0.9926486735324768,-1.6610045708854926,-1.2469347756309173,0.04957023311911202,0
-0.7925117019919017,0.7824994522980543,-0.06593284581634185,-0.5849990222634205,-0.5976760565031002,-1.3380376860859684,1.265490150486906,0.8326562486188254,-1.930057030853699,2.3958756696480963,1
0.017414648453133674,-1.033660884079022,-0.5024203654987489,-1.2378601701653833,-0.6747761240181285,-0.23470136434719557,2.230700702288519,0.2213688086546436,-1.273364883872841,-0.5879642631581236,1
-3.220445007248034,-3.610550537856996,-0.013318048692424877,-1.3360096365562761,0.5037182089906932,-1.631597788238459,7.907322226557536,1.744494773934501,-1.7625891860145455,-2.0454220032673023,0
1.199716924238151,-0.8504230060945501,1.3109038974549796,-5.293204336678745,0.7314014133720756,-2.6523310789462657,4.701200137564615,0.058158992347122074,-4.0820986815099545,0.6468065922541459,0
0.7790732036544024,0.3737691218502981,0.27042292289577613,-0.9192834959659556,-0.07603116336487734,-0.2864416748323576,1.3941923287108438,1.2622912130250248,-1.6967117047511788,0.7122843962882807,1
0.8479657779736056,-3.463464011683108,-0.7817310427211388,-0.2380550862403864,0.32930833167895657,0.29176801674587427,4.928137579511338,1.8561642619462968,-1.2156645890442355,-2.077109896954033,0
2.1654560406484142,-2.17931137242007,0.2293495322055054,-3.8095941527448396,-1.7412707906783682,-1.3162153852392036,4.102579547551194,-0.11791625329321409,-3.4115306598789843,-0.0807668770867862,0
1.7003956993452163,-1.589271406423906,0.03715388975761073,1.0591914877244029,-1.5050171545151572,0.004953423340962937,0.4008708239317029,0.38561351964605795,-0.4836893911773924,1.071064013298204,1
1.5900598983097507,2.3018706997989185,-1.7249659908396509,-4.350118274942265,-1.0275459525942667,-2.7959630052592686,0.6931246497215025,0.34812979335021454,-1.0386713929186373,0.5568245691137468,1
1.1148479739393728,-1.6394141654549441,-1.7116998081083754,-3.9562903337880004,0.9686635488743062,-3.14503280564648,2.6990478440445105,-1.4542816284479902,-1.2243423367867705,0.14024694357264988,1
0.408258395135181,-1.3668524378737705,-0.7047495921937265,2.571428371380394,-0.5969018641815226,0.32775631018962526,1.3166297377916767,2.230357760495102,0.764264544430441,-0.060825354616176996,0
0.9588814210068002,-2.6235760394292527,-0.007513558698407953,-2.1752373416745865,0.886196189324382,-0.09632011524462036,2.8009452686771104,-0.9135328183393647,-1.2749148539182755,-1.7969147843174145,0
1.4693927544025083,-0.5868564866902246,-0.010600193142968816,1.1461081230774335,0.31360560973077783,0.6155378079306038,-1.9563251489096793,-0.6023207286557124,2.3696729986303824,-1.2791507326762268,0
0.45838236268692606,0.5739600686896726,0.48203677747122803,-0.881895855389101,-0.4868760314803629,-1.0492777768122608,-0.7925850754833698,-0.7899152633769049,-0.27491893774115916,1.2390638732193535,0
0.8206391962057498,0.7652395073517548,0.2337607834448626,2.904004705618659,-0.018580495145499188,-2.1167084443386885,-1.9175806582593804,1.7267425019940963,3.78709055435648,1.3785613875539509,0
3.1151948243662657,3.981615840889159,0.26399609850193523,-3.4082178560903467,-1.445167452904406,-1.6118332216520166,1.3106879475708253,4.107861297256349,-1.555231019413176,0.2997066166092379,1
-1.1060048299161334,-1.756424086999508,0.6691213242308705,1.4719854270614297,-0.17039586866936182,-0.30658661209323634,0.41300199768819995,-0.6877218981615543,0.9062199569708954,0.11425508714626154,0
0.23308013703605424,0.26672826303185593,-0.24241282099624792,3.3769869757642583,-1.0470367482344958,0.5232720129312052,-1.523044880289006,1.6147472634365096,2.2871719910904975,0.33611598297652834,0
-1.7006827339119504,-0.9081427205678402,0.49417721863706976,1.198942616177853,1.9558917176555237,-0.2749812041773352,1.9999299011465321,1.1617183690620199,-0.028561471984032805,0.011222294123009124,0
2.618293729306059,1.4552497813267453,1.0572834492964387,-0.47037741577107,1.4893147954955699,-0.8921247022832933,-2.1974370629080537,0.33721128653356036,1.5175715443668196,0.2740767110289348,1
-0.6571859076556377,0.44407301175691183,2.2540381215104848,-0.9901519557784683,-0.8862129540686267,-1.8560401198607475,2.18973122219164,1.8040984768044768,1.2596752502977895,-1.4229605528584397,0
0.3323996683960121,3.148277257851878,-0.7139423424605779,-2.21040403289388,-1.5186452091718365,-1.1042360967075533,0.567286497476098,2.0842873747032935,-0.8341603286247605,0.21546810489431523,1
2.2809789975287487,-0.1899246773320633,-0.8006962033847085,-1.5836471501117984,0.24441096837091017,-0.5954764325560715,-0.13911342702075355,-0.4584978180112351,-0.723440095817577,0.3588832087971518,1
-1.5779781759384903,-2.0709840570923053,-0.14081880812190078,0.2828204633451804,-1.1076257973410355,-2.462236231614784,1.796939844955497,-0.773245815970832,0.9726598901460459,0.6222194882121523,0
-0.21373785884049468,-0.9156522265679917,-0.5308960618247135,-0.8042294685609503,-0.36957237459330167,-1.048617362287913,1.9020450279903172,0.3935077536112749,0.2526328764126966,-0.8968162558891357,0
-1.1311272524577993,-0.3408078404205097,2.3914015431083477,-0.26435276027837595,0.8945432124194856,1.3032453398905373,-2.000597081538436,-2.9117999590178067,1.1242780577670202,-1.7006101226085133,1
2.9487953527209196,-1.2538434474167202,1.040450611432917,2.067098319639279,1.0341119070923996,0.5346969006482427,-2.2027102633208884,-0.40331450798305113,0.8181970951925555,1.357136752963664,1
2.2497738114508756,-0.7100583208706149,1.127581839961001,-3.0123756781178277,-1.7461963467468777,-2.1659574258015537,3.7918905581779536,1.5055640232649534,-3.6239424932349333,1.8787929522885967,0
-0.9871925212936267,-0.6072820637886804,-0.8454299696919011,-0.7110894936160389,-0.7513191127669319,-1.9416003841750618,3.765218939013369,2.3612247597314533,0.7679073808715018,-1.5260016850126075,0
-3.072466748700493,-0.1917345300182295,0.7599345029785362,2.4670911201483148,-1.2677526826861873,0.5404429962099746,1.7845446582967617,1.8109464436756357,-0.48731446868085393,0.7253441426138516,0
0.5472405200114214,-1.160017983914034,0.02915891296273603,-1.3324840088207794,1.648067951502545,0.4587294835000919,1.816056602679844,0.3075987424367562,0.8495348005744152,-3.496072774064382,0
-0.36279007479145786,-0.8898884470104347,-0.26345486224191716,1.9696431460256576,2.1289460512172194,0.02672027723218373,-1.308430099901823,-0.8190085959618814,1.3071062881693154,0.7219061385919833,0
0.758106624834775,0.26350727803517926,-0.18744779350181232,-0.21880308418891253,-0.42414861581814206,1.3905861796946553,-0.46804288272739336,0.2613296256398179,0.8242567759530137,-2.258955147368053,0
2.2727325651291745,2.418079108997323,-0.6646534052316174,-1.7789987362948385,1.63751800149982,-1.0228470803140628,-1.965417421626699,0.1831962020719724,0.2072645115872771,0.7711286260801475,1
0.19961427697087308,0.39580971685527894,0.873812272883511,-1.3642525049513892,0.015379240103709385,0.8984337530307698,1.7656422518988035,1.1399395020475094,-1.7967830957630333,-0.9907259490916107,1
-1.110293786678045,2.9519125845898904,0.27646094031022633,-1.63513725861512,-0.9390367571266154,-1.7110553551739016,0.21783646048803684,1.0588326470048866,-1.260264398280726,1.9310709535744586,1
-1.786296078927077,0.7696134487466391,-2.0892357202639893,2.7894334059528196,0.2433152377572093,2.116865414730123,-0.4216966583577707,1.5178774364472112,-0.0639454524801144,0.14961837395407485,0
2.933959292348537,2.0240839152152796,0.7605100814734373,-4.027609363591918,1.601785215127851,-1.5703089304589026,1.294666452982223,1.5154846672812263,-2.1758984760679008,0.42251854488888174,0
2.182204386021259,-2.332572158623386,0.8915508438811567,-0.9727892122686683,0.11393997082132605,-1.2573880932492771,1.7851157148325958,-0.5555007614934564,-2.587604199632401,2.4011251190987335,0
-0.48629966959412463,-0.8426227301916105,0.7468282126470763,0.21090692493483293,0.15589301084505397,1.0713455247957255,-0.6550468279083173,-1.4796980594201978,0.34368790502314295,-1.0158721647270175,1
1.3397134000095323,-1.2180682835936465,0.2692540027697438,1.573437872630138,-0.4235922155079126,0.03533484322459002,1.2666088268566398,1.9049168265044283,-0.17168057191430397,0.5858231273545695,0
0.9783682026701626,-0.7173455326476204,-0.05185918569390656,-2.798492279901316,-1.6025460774822506,-1.787012288604612,2.7773174768123696,0.1598854789898677,-2.4933441294305103,0.9499430900065058,0
-1.4072862147749636,-0.9238005634047289,-0.3086154453494085,2.896751680744713,-1.6304153732498243,-2.7748548574326186,1.0767358496263848,1.6358803374898214,1.6839081478957383,2.5790322916532915,0
-3.2094094184514264,-0.8000605124837965,0.4168644213275492,1.903049364057471,0.9431405426350392,-1.9237101259918605,1.5074448756459762,0.32913969208079424,-0.08347756562947029,2.609356106280906,0
-0.5239889955728907,0.8788999417707515,-0.8460661696852843,4.849090408328178,-0.4604397018017813,-1.4470747587550148,-2.8127467844387026,1.586777105108231,3.5770638941230217,2.8526375489190334,0
1.4825187708488505,-2.034521726811028,-1.228578343457958,0.24266526874030678,0.5663018723396585,-0.40547711820141347,0.8240908880107848,0.14869049750989438,2.107993807069282,-2.2299747179109346,0
-0.04951345435003385,-0.5844510791689201,0.4299708323122015,-1.5797020542377787,0.23900874908004885,-1.0737842642023518,0.7547149296897866,-1.099516219973601,-0.5249353988468848,0.08247021325393666,0
0.5932587081177982,0.7493403339056591,0.518695004041778,-1.2910837643393218,-0.17661200913016714,-0.2953147179618568,1.6285620252370931,1.522405308820689,-1.6999306050019964,0.3203757961402423,1
2.3326166917613746,-1.3792550937559018,0.04133798568723335,3.228458898729642,1.3361981244666365,-1.1999043259275124,3.5171934839363765,5.351793908031497,-2.102410023354352,3.9845820386134996,0
1.6419476025443758,1.1089504252488642,-0.5709891710490027,0.35762509767040146,0.19763502794060617,1.744921901830433,-0.7399728171405814,1.1755782823730117,-2.0228161045427657,1.1408662529682536,0
-3.015010176765138,-3.1119614693618063,0.5170324775944471,0.5554511272557074,-0.1611847351051069,-0.9635321250232554,4.910237703433779,0.7520855549180646,-0.7133214763409002,-0.7516164332757936,0
0.6176712387264888,1.0411800191470748,-0.35369104017457204,-0.6872425757032795,0.2859587169296132,-0.4744750810653569,0.229651346946902,0.8628430268507505,-1.1162113778715919,1.1330433287227732,1
-4.55118016076983,-0.3754804923934073,0.4564636435778542,1.6036244303705809,-0.5983065048735726,-1.6353722056418947,5.01631813934872,3.4156673746531627,-0.9864570273072863,1.0457547943984389,0
-1.0905721948298837,0.6630789877030381,1.6389375246253797,2.295095108292857,-0.2113180635297164,0.8777096615009434,0.051433037158185584,1.8716618644377048,0.19195968583653367,0.5475277168327566,0
0.33030709233411637,3.1974174127848203,1.2077865227923377,-3.6593821204309553,-0.7350192214817538,-1.1605977939128433,-0.1511050377514564,0.49862327264740086,-0.002010290274895521,-1.3138536194000308,1
1.4405861721866489,1.0458325305856186,0.7115611960001391,1.1982409861578749,1.4433380998207759,-1.1237666476838908,-0.8870800454319567,2.1244317546750793,2.897084464834757,-0.5429276782776378,0
0.35132186373454777,-2.615486309572718,-2.35280297274587,1.2021395786466262,-0.5542155235304508,0.45688033694852215,1.677839559805522,0.27503722214147197,0.11862354249309892,-0.7578701792886255,0
-2.5838766424376383,3.364335504730028,0.9626569515148962,-0.8884696888842201,0.16572125606963778,-1.6273844645879354,-0.9230530144397022,-0.005325707771634436,-1.4828928700234862,3.2920344290113723,1
2.113941203400403,-1.3744737249821875,-0.4056419990816465,-1.244318937247884,0.2865672921845823,0.1670942171002624,2.1337610623298495,0.7857950321208952,-1.823107449916175,-0.33025593972673506,1
2.0481918232727745,0.7229158570003225,-1.1972479741643507,-1.7716779528992042,-0.3558060699021973,-0.19775697651124857,1.8080359856961212,2.383078369412706,-0.17234963920125967,-1.9099134482198703,1
3.8656918856657567,-0.2944696620397842,0.6098798286709416,-1.409118369030837,0.45073561107068344,-1.5346637353347692,2.3592584661357194,2.9387464856538195,-0.7533329671536,0.10395381536646908,1
2.115421221453471,0.013394482924348416,0.5417225117911145,-3.9594488409617203,0.503933041281373,-2.6394711972324556,1.8271585533497017,-0.10329343403278302,-0.7472154407245243,-0.35445045586731794,1
-0.1492557536821455,0.06052397592613523,-0.30468406560240263,-0.4070330270223651,0.7546975370720463,-1.7043892140898573,0.10498959488073663,-0.5001194448843416,-0.9451045758565348,2.48657393513112,1
-0.593729783758083,0.4173010520418024,0.2066131014809034,1.8384131251026112,-1.273557906751108,-0.29884632788141574,-1.7649566505658731,-0.6613925918632277,-0.9536497093019363,3.766858003493848,1
1.2197895355887642,1.4930712812629272,-1.692225295820836,-3.0337822210912635,-0.4974452839488308,-1.3626983351085995,2.244028847030328,1.7941748561139739,-2.3739565004968872,0.572164425396896,1
0.6396720878012845,-0.14984632239560125,-0.03726611229742076,-0.5019881901850844,-0.8736466881862229,-0.4245478858149828,2.5679027633576443,2.4433161757358812,-0.35833540015025367,-1.0024096982081718,0
0.02852642170942199,0.16372073736305337,-1.6147419290240126,-1.214397079016429,-0.8594459394317853,-1.153568367613322,1.8295180069911587,1.0271848725581703,-0.7478310526945914,0.09254179297871767,0
1.9886531447777416,-0.9634659802602118,0.42091391539682654,-4.527698640020966,1.734118572884844,-1.7871604834679196,3.2336689108818724,-0.4723975432145562,-3.428668435307113,0.43560178218575535,0
1.4178109696492973,-0.4890848940253485,2.043656638602523,3.09905927860181,-0.8337963457174575,-2.1815140699361453,-1.511521292189274,1.497374106513055,4.558763328446542,0.47792645771208275,0
1.274856910103252,2.3282959298178207,0.8137799104622889,-4.713204434442809,-0.7144657640275738,-2.355581928385294,0.016985238091311607,-0.9599681430280911,-2.3231287047549105,1.6218083114969064,1
2.3460076299009325,1.0073049482219667,-2.119421108937425,-5.132878216579801,-0.04296905438508937,-4.279923891487639,2.081847211242473,0.3012011887858092,-0.7994666116897112,0.4534040473400711,1
2.151744644181088,-0.11485232452851335,-0.07685608398052801,-1.9031112418802605,0.8816588796097095,-1.1676341759765543,-0.2807766656320196,-0.8394349317453336,-0.5529361373804436,0.6200253335446813,1
0.4605227566838903,1.5162435343934364,-0.3380575146222865,-3.594031709437757,-0.4037912598329639,-0.6284828518233225,1.0476640774034793,-0.06929362947028306,-1.7934336072694093,-0.5909708047511498,1
-1.3224465770103857,0.47265112943319487,-0.19392187218338894,-2.0707973768622927,-0.21895002847856038,-0.028462329907254724,2.8468170450121106,0.863322385023598,-2.5737822957096617,-0.3245899979845584,1
-4.249272657421919,-3.458219029907922,1.6394673080502036,-0.7732616943575004,-0.21087996526632535,-0.616329214468055,6.09272078916868,-0.29332270286100504,-2.945297929948401,-0.3621048637607225,0
1.33341441058045,-1.7329504024068758,-0.22660024244980992,0.09094086160001344,0.1263108258316442,0.23362536498666042,2.5603708803496383,1.7706623505059595,0.0434610705437215,-1.733840880221913,1
-0.1900194455386801,1.7955816099302973,-0.30298929772187816,1.6995139188971269,-1.0277254030756229,1.1908646358763573,-0.5271578297085147,2.2094534613977705,-1.1011013882828884,1.5823082421977643,1
1.5241897530810495,-0.8317152287494682,0.47503198338387614,1.2441003692498627,0.1872565125093898,1.1903853316648327,0.6631848119832221,1.4617910571937942,-0.9354593427699152,0.3205481776610451,1
0.2590031691908785,1.0063892728568242,-0.12059984689262448,-3.87540920870865,0.5638131460555393,-1.6954150660614347,1.6798544479321302,-0.20806498079688174,-1.3444981423192055,-0.5493410043257918,0
0.9356355893906423,1.0392061111869118,-0.39516969457221657,-0.07547870481402108,-0.4138540620682522,-0.6317507852604075,-1.1998784862451137,0.20229031432151312,0.3590718757132605,0.9568467161908909,1
-1.1778871881873876,-2.542919631866818,1.4063261330136194,-1.3009438001801217,1.3276133855136698,0.4372193267055733,0.6153152100536787,-3.1924527888342427,0.8654704385313305,-2.848608030143355,0
1.1892632489459525,-0.5298923038799392,-1.036760519305951,-0.5458513579554403,1.7004652538170537,-1.4621570467349039,-0.752477237765301,-1.3148240457066607,-0.5827084340261461,2.2238243712572734,1
0.7528860266425289,3.4738836722959565,-1.4212398265741293,-5.164542513576777,-1.0413828633142501,-1.9675594879029052,-1.1682397439818843,-1.4688545954702252,-1.4059744365471154,0.568352294027306,1
-1.4557124760550189,1.640655880840748,-1.10536638508149,-1.0372022666831646,0.7575969204051439,-2.6575812988580303,0.24168520973717608,0.10332755568167074,-0.466706013812933,2.44549510702185,1
0.24046780216796548,-0.05619535453205271,-0.2532116724836284,-1.5948719818452006,-0.3921870841927915,-0.9545730213276045,0.9447402286911046,-0.2964628019761024,-0.8942893084442982,0.26480370031498524,1
0.8010827161596368,-0.954121621891117,-0.1615140954605382,0.15590538399926648,-1.0411489409959824,0.4307403908620253,3.2237706589537543,2.84186501319006,-0.9801451171308855,-1.1303232097339715,1
0.5355695246435231,1.4420735044919273,-2.1214248505896327,0.8068309882769131,-0.21037716528865189,-1.0986769789068949,-0.9312968051124098,1.233440012598817,0.19056578721051387,2.1500577975664927,0
-1.0734359831268119,0.6977105392345933,0.13548105889239412,0.9451631878133199,-0.7764504332475011,0.4873086381236984,1.6661989382793339,2.6002517718888214,-0.023905116693768602,-0.7394015766766717,0
1.326961756961346,-4.3934756104463375,-1.9148516947213945,-0.9370400334267548,1.0052430735251954,-0.08297843936897031,4.4703356681347355,0.03530434374008218,-1.9861914015733735,-1.1086471680879229,0
3.2458472767605855,-1.534526967227597,0.527693706265664,-2.854912481172115,0.5914463181764155,-2.4180887956777823,1.290366181354583,-0.6392478366384149,0.25790962637146153,-0.5924773299836841,1
0.7886010081696693,-1.0074980506461855,0.24565510408239577,1.462122921459167,2.2046062314326393,-3.5381356959366217,1.0479121825894488,1.9154453297453002,3.512314014517181,0.34628293390449905,0
1.2722164277493413,1.904419330846911,1.0490411516638116,-4.718298683715688,-1.1857010240425196,-2.2238555952174517,-0.9556774341721817,-1.8934149436608976,0.44940950256642376,-1.0381732741330716,1
-0.8883293960494845,1.6804438298312425,-0.6918364730349675,-1.31482165688227,-0.35119404192582915,0.6441488761705259,-0.05703193295892085,0.0008508843594818849,-1.4532123758223854,0.007779444989493012,1
1.3919181573682273,4.383105254219468,0.4608002725746104,-7.448002187025201,0.1466432057071703,-4.625840227067235,-0.8794733901302028,-1.5277686769642618,-0.16710239048102027,0.18307783964043256,1
0.09525367282409114,-1.5917203062569054,0.8985128472276931,0.491556083094599,1.578007645214344,1.0272922275780927,3.5503379299696576,2.378294036846568,-1.5217804485590638,-1.1336916059323092,1
0.03872393082462888,-0.07622350129162059,0.19270849333588871,1.920417289967387,0.29811914648507715,-0.1830176684865218,-1.3202285096517983,0.10265562301601394,1.1690690981754335,1.0992642192323128,0
0.438576087455505,0.005099763555955095,0.2722761327786728,0.4976498222287253,-0.3592778312342205,-1.5996784252125984,2.757392197867686,3.1375125900159375,-1.2770475413013638,1.9001834390127155,0
-0.3586623460792848,0.09110678212914947,-0.39402811452122616,-2.833967307167717,0.5690801250072761,-1.3302362969513577,1.5488603306376916,-0.4284486333082387,0.7118040683721114,-2.3928154395164967,1
-0.5612530294607703,2.432091099270342,0.42216774864678364,0.972939709377494,-1.1187348008628302,-1.0275937360498466,-1.8679451254296688,0.9921844603309135,1.3449219854612633,1.4751239183037381,0
-0.47144609960536155,1.6712206396790146,-0.20789441696688596,-1.9879772552129813,0.33632992818192636,0.412276117932745,1.0848676754582023,1.0248082023771166,-0.8862668241383453,-1.5275767251108041,1
1.422860489691546,-1.035682048761065,0.5350657579617089,0.6688899282763768,-0.7044158193746677,-0.39797592294733825,0.9630898425805045,1.095873819119489,-0.3855194442772215,0.7864731094346625,0
-0.2519057021439428,-0.6604144956308668,-1.5505318319152996,3.34437306151808,0.6082444595093818,1.0524012225418373,-1.984944579628236,0.07602240740693411,2.8153906631792394,-0.6046147993100344,0
0.7494787797129618,3.8221590378411356,1.4208121627538848,-2.723677596124,-0.275056192985527,-0.7465456120246685,-1.3913559217418405,0.48270025351221246,-1.253167417206925,1.0711602497433597,1
-1.6599290098376014,-1.4085356637190007,0.4885078148567665,-1.6861703121506633,-0.9311597441177519,-1.3562899177885734,3.2802084735333055,-0.05674215473245303,0.08317216396467109,-1.8778429436302257,0
0.24181010748049403,-1.3302801884527313,0.4650588165401081,2.649549839835335,0.5241917388278415,0.23194200976322854,0.7031291547835776,1.5978016782170905,0.8628747522125351,0.3420448449023982,0
-2.538170866022507,0.5747439983009242,-0.863167009250166,3.637961352464044,-1.3217990784413578,-5.170271165499965,3.085292278808474,5.022519211858038,1.8367275646684398,4.37689985888534,0
0.05685573007776634,0.35768683858662054,-0.5016030932946556,2.0686201273655227,-0.630489498511966,-1.0177269150922597,-1.01572697693202,0.7736424934169139,0.47035584422418864,2.7063126272399725,0
0.6188306907136883,2.7523449340492263,-2.5037350868962975,-2.438387008125138,1.5803124126919739,-3.15597933318627,2.215306777841782,2.9303682278369703,-2.636930106211489,3.2566762814089945,0
0.4075298222700739,2.1107184841978626,0.34248584699520596,-3.973973814131961,0.19288780620801993,-1.7954430114969628,0.8097142332949345,0.0004014685216222613,-1.1367414281316472,-0.20823079984636894,1
-0.7359762687261442,-2.175225438286053,0.5774053256057501,1.2426591124267707,-0.04065433080064498,1.059689583456952,2.0457541728017437,0.6058735604657172,0.06195285072591328,-1.5214194145689819,1
0.3258135930202875,-2.4266469184565285,0.8827270198988039,4.689949407032029,-0.0635276760507265,0.7542694907093086,3.0633467542615156,4.521831425486285,0.8016594832411579,-0.009064586666300611,0
0.7204149911254273,1.9577807179374884,0.5602964618262689,1.3550499827947968,-1.4545667762629833,1.4784686529319477,-0.41930688993939597,2.863115786557926,-0.38399233519491,0.185573728998919,1
1.718903531071869,2.4435259845847592,0.6500800409007921,-3.2978062322969968,-0.442040642531788,-1.6047730237902522,1.8220572247222007,2.8768266265086977,0.558185381600226,-2.327047882724088,1
-1.3973233385766097,-1.0224232481967956,0.17638860661038708,0.623731329708429,-0.6147979723480634,-0.16133215252524835,1.2420527838605484,0.09917148199278425,0.47623146913832287,-0.6595807220092084,0
2.608761705108222,1.3027321367339293,2.2906914206855498,-2.7160124509281545,-0.21682039680646087,-1.0846994631999722,-0.2999353012188315,0.1439824194381114,-0.9112523081980513,0.3825060733475081,1
1.37351062137814,-0.785531043754803,1.8895340134052516,1.7469926283972146,-1.829988643742876,-0.29030383451580144,0.24475880339093112,1.3994386893068524,0.010613548449323384,1.462593907026045,0
2.174683600056647,-0.8273625529477926,-0.41545166054784205,-4.796081230764669,-0.7698003779119649,-2.473048272386311,3.8294902343537354,-0.00803999978107739,-4.261422373574316,1.5466962175947718,0
0.9959636281240996,-3.1696745574868492,0.8155283139201043,-1.3937273276705877,-1.3690309723110201,0.06187959353584449,4.872132230953446,1.2696769863369923,-1.546931231478081,-2.2885507467096637,0
4.043788039729169,2.3371143467901323,-0.32378965514715785,-5.491427812385336,-0.42129806700167094,-4.191925640340357,2.571526842951809,2.509805711522126,-2.164562021132335,1.3887131056898887,1
1.23162715429789,-0.520023721407084,0.26136562719883044,-1.5689691365050662,0.5830905953485732,-0.9657324024853344,-0.9070857575109502,-2.182782796558498,-0.874457945669493,1.3434939375740367,0
-0.08824514916966941,2.053195432108039,1.7136941923216906,-0.2810240203173031,0.828308219935656,-2.846000362538023,3.0333476324783057,4.384907509709206,-2.1006176835374513,3.445346622449681,0
0.7670214014615836,1.231688207236136,0.24405708155694136,-2.3362951853133493,0.5239786712211713,-0.731697173603811,1.1583399344730778,0.9823782803484806,-0.814785419027531,-0.6883509700009451,1
-0.003749434973744581,0.39240807401059474,1.0474705032242073,-2.548786006240627,-0.6420275625022985,-1.5814744345835061,3.5017795280702995,1.8455744825324318,-1.7562280329699693,-0.295184614398746,1
0.493397678491533,-0.03803060916040524,-0.4196219628730948,-2.3569390473347296,0.1452960236308246,0.15489645239895167,3.5256641585530266,1.8630563030618736,-2.3528017780630854,-1.3531943419441643,1
2.120469210454112,-1.0974328141332292,-0.5274345612998428,-0.871585502862806,-0.1370117495123669,-1.221417288070702,2.3713114400837503,1.386638793526409,-2.266572199448037,1.7839099357156343,1
0.339951446707105,1.4892133306799546,-0.004260993106523576,-3.509573292865912,-0.7048634299666051,-1.437241465887917,-1.3801407235672425,-2.4852400135794515,-0.462678988060824,0.25556224223376744,0
-0.7805752794485712,1.1616212663291703,-0.1704776513889555,-0.36565691613294593,-2.1586733115184478,-1.4761380422498505,-4.411143004443849,-4.122532214818062,0.9221747369282407,2.837254461439839,0
-0.6243523844721048,0.06536369285336496,-0.21040670574569845,-0.8486640369636722,0.8703605375157536,1.2580357804242108,-1.0061295762609144,-1.7038028332818753,0.6332252307891202,-2.0990118301806806,1
2.9549563255921862,-0.7332512300623109,-0.21133913555963485,-1.8749172929253817,-0.2402450209723824,-1.4920975077328875,2.029013974842012,0.9735395740868861,-2.8731745956092585,2.2130234953376693,0
-1.4650215763195051,-0.19647320601173646,1.209878112153464,-2.1658458341000486,2.0792566655873816,-1.934720644085572,4.172957860597913,1.7552589225750737,-0.17136421658901602,-1.8150970272352391,0
-4.21009141447555,-1.7139491198270682,-0.8848047562293211,-0.919897948610148,0.8907259586764722,-2.6760345004335475,7.689702564576389,3.1303315888840944,-1.552107087424422,-0.6907415004271705,0
2.023700278164866,0.14121704527671297,1.4074228652223215,-1.3615461836822915,0.5634492006725226,0.14473556106610563,1.0831472736176166,1.2228403385174549,-0.8380738591685986,-0.8316470873823996,1
0.20919119795639185,2.381021662537135,2.236136029901537,0.026012331131216128,0.2859561557399637,-2.0503510789522164,-3.7938109593690656,-1.6678577388705047,0.14098550334063709,4.302512549767384,0
2.5968894537820137,-1.259977237855893,0.20842506601381203,-4.402003740589248,-0.7488965637753943,-1.1550349178598422,4.882392083707013,1.7125305781925133,-1.8837225074440833,-2.7964704971298042,1
1.4907744681945978,-3.6330157678500576,-0.06974224372301517,3.5921016356644713,0.13594437226798972,1.5294777090015501,0.35341607712353285,0.4072166848036604,1.1181642267507772,-0.4598374847335729,0
1.6250331514061194,2.39549651671443,0.43091921523377347,-6.589284099563022,1.5966545031277797,-3.943321281215022,1.1451756951736067,-0.7350319191376482,-1.0538035001439958,-0.1427284969888133,1
0.7820955393087137,-1.1844153338476382,-0.2095832068486053,0.6636684363883727,0.49425051599441056,-1.4827973904140617,2.405240697376838,2.413344473943241,1.5631468488586404,-1.066079297881274,0
-1.0805945967882418,-0.29365704448904717,-0.5950489395360622,-2.2227927849952684,0.2807026321782449,0.032458642580133534,1.217711602526919,-1.2622771761925098,-0.7603858033936912,-1.588021680539366,1
-1.9063687739898723,0.30324914412771564,-0.11995448276264886,1.793765011992421,-0.16869514614452277,2.812288080566703,0.3906926455552029,1.066830701008044,-0.8269859100147703,-0.9752869958147976,0
-0.46047668672816733,0.45490312612528294,-1.6509461251241713,0.03575174543105542,-0.03601712824186797,-0.52557181305695,0.6018073671202092,0.6740080685939172,-0.868172956025455,1.2032281480989884,0
2.9483613492769614,-1.2790447701119525,0.20283248361189227,-5.813211544762756,-0.9912088716344034,-2.1285000877315117,6.22660476889475,2.1945093789949084,-2.0466738489684184,-3.4091974958228084,1
1.579950227119795,1.2363978301604834,-1.5365829493801781,-3.500750569533906,1.0975643638526518,-2.3726683488187783,2.7118505908208834,2.081872176963361,-0.902097685465824,-0.603544508529116,1
1.505042147881624,0.4560522532899649,1.1649899039365976,-1.1926242102789817,0.7323209569899305,-1.5657999004391026,0.3093737611806196,0.2833098082731531,-1.6589366723479992,2.4632276272724214,0
-1.226670225467783,-0.9964032431819241,-0.6191473615637916,-0.7031497635064922,-0.3710742734262306,-5.478756909549689,3.670732096386732,1.7039567483475353,1.9803584348508603,0.9311506939679051,0
1.5106326251350923,-0.301438964527164,-0.6975344292300089,-3.1687308158685332,0.7240002117943355,-2.1047619827395576,3.438850493612023,1.674447450409291,-0.22484678871456643,-1.855541769266906,1
0.6979658681751221,-0.33812858355425424,1.3511093665966034,-2.689439525121394,-0.719790618594325,-1.6731686260047645,-0.10108048227531721,-2.2796182728888414,-0.9239113269190133,0.8418473387955445,1
2.499537350070348,1.7393442477972874,-0.22896754597880303,-3.6697184063034762,-0.12773896315313407,-1.8212340076108868,2.409179115505646,2.5994007617795183,-1.2092889150532478,-0.7697196355823499,0
0.7153557117869718,-0.682137293272715,-0.9753312075692507,-1.365198813220165,0.5467373631315942,-0.9084059008724107,2.8179810842820334,1.7198582848011474,0.4370907845789462,-2.1737059721022796,0
-1.0100145566996672,-2.5120917133087906,-0.35602192009089906,-1.2370865981337582,0.8821459089967029,1.060935371176231,3.1667667221875426,-0.6553992248185463,-1.1616038385683414,-2.688679705952305,0
3.9835492732872666,5.9151110487626815,3.072324137817788,-7.323231467711241,-0.7473659706258686,-3.4136630549495512,-1.4511275665034238,0.48301669406406966,-2.424892999024484,1.907102432097328,1
0.6288142201771542,-1.442474680218652,-1.4773341024866904,-1.2245856158036688,2.210223583154616,-0.5939718639117627,1.803195084082377,-0.43785179369003346,-1.809976018356407,0.6400967366992818,1
1.9943056758455175,0.537061756246717,2.0551308541914355,-2.094660362884445,0.27189518663515655,-1.7951506456149415,0.4043723219592619,0.4995737062336356,0.7294793129025534,-0.6516170211952561,1
1.9741150058749788,-0.9160440993181326,-0.4591568424229227,-2.589988056296486,1.2290358444700387,-1.867112779259612,2.1417130540673255,-0.15450979926985242,-3.029607096050438,2.1607097117093805,0
-0.5450765306853425,3.499216933792656,0.47946740598712206,1.5206995647485824,1.5201767796263634,3.21154161001923,-2.18443673742074,1.531605551996011,-3.6034500425686105,3.071272730400282,1
2.895439371188184,0.12263162249930515,-0.5187017380941559,-2.4492438296707615,-0.2925760095719131,-1.048502663913584,1.0279483792127064,0.8020632699207773,-0.4647704245926246,-0.7463409349622505,1
1.9209892041819236,-0.9347917851142222,-1.2211466487785247,-1.0101452024095967,-0.3000421020682554,-1.0236128460529084,2.65621747324778,1.996946748937947,-0.4520843701531326,-0.6970363279889873,1
-0.8915364434508586,-1.1609509487330596,-0.024239492551106114,-0.0031374862719045853,1.3401410723053664,0.327413122736123,3.6465822584231926,2.4531899156923225,0.9759994603411215,-3.580435174366836,1
2.6094528978962503,2.4618087712868633,0.09711170366281299,-3.4987612193049378,-1.585983276268196,-2.279372946331875,1.1953368342000101,2.3281135087411187,-0.352542019495553,-0.3785511675125535,1
1.2768278299150282,-0.18059426529530154,0.5369066863048747,0.1980344093913565,1.7181203268224685,-1.3115655853149306,1.1320209881941612,1.4784718442494362,-1.2707760032055142,2.3082019901011024,0
-2.5398843848790817,1.1190686337090097,0.3468421997260325,3.045853016734523,0.1265485965954795,1.319416306915924,-0.10998895672330701,1.8698068609973977,-0.35794894078419115,1.3308725011964964,0
0.31887565524268824,-0.7489437890056231,-1.429790656163697,2.4710014482374523,1.5089877525666813,0.31290234772382264,-0.03680264160662791,1.3684183616848054,1.1813440361946068,0.21632052083478903,0
1.1849528696154257,0.199418029699168,0.4203913007587828,1.1816653972516244,-0.5788549027481169,1.3052352607565767,-1.4947817057967383,0.6173778025695502,2.4863477068394797,-2.3593731493703265,0
2.530356311319644,-0.4703810022576369,1.5974206596111074,-3.096349675997172,-0.6748069440166196,-2.703865675608271,0.13115225002611092,-1.3467714985958932,0.405191249505253,0.05587430055441134,1
1.0443834540972583,-0.33526958607887236,2.291204607389794,1.421867422394657,-0.2968041520955432,-0.023361427778281763,-0.7553729971199746,0.3869151999660376,-0.11154761239956368,1.6554247575620558,1
-1.7823724310154034,-2.0498873719864656,0.6645928793119499,1.9200217937842279,2.0261740412021676,0.10266659643657139,2.380096171362479,1.0064743154467106,0.3809512617058883,-0.5580837701234559,0
-1.497986313801655,-0.7564204145741923,0.6917937876095582,1.3546581384540908,-0.22869455849596632,-1.4383685983456664,1.9227534593514544,1.5967741888682128,1.3014113048451956,-0.054685047949444066,0
-1.3910293319138038,0.4194273412233271,1.0571882429958661,-1.5971630765003249,1.3412841414690786,-0.1689277027823225,1.5939544361163318,0.23110053632733707,-0.07978757313302776,-1.8576916976701905,1
3.7000804421142197,-1.923995968787509,-1.5089292722678047,-4.292811396653511,0.37970908421887356,-0.38305176405324215,1.4385971127590063,-1.2624203314300935,1.4876463937443645,-5.276714702135902,0
0.3589276176398973,-2.1585845798630157,3.2596431618527033,0.505761994041198,0.2821936524984514,-0.08353873382979748,1.9386633376062885,0.3869877243962695,-0.3497490332775179,-0.3242789105052808,0
1.7542964688281488,-0.2874601638870402,-0.8198890104902317,-2.750488199144071,0.864024084882789,-1.5344125615226187,1.4848895299924265,-0.07528097447497295,-1.1082032653527927,-0.04121338401790653,1
1.6381376854669092,-0.6006648365917757,0.9466256571015215,1.5660540929950224,-2.5526421462411943,-1.6033081666171856,-2.593112661895865,-1.202693988866652,1.705119547193193,2.4929632468916165,1
1.0097526755113098,-0.4686027714188794,-0.2850408101320791,-0.8551852468872947,-0.11438847786517001,-0.3990669152839605,0.2884869922861371,-0.3216079050603755,-0.26280323101509073,-0.08998789787405925,0
3.5342166905835937,-0.9417469793474778,0.6156638980650707,1.749975300876366,0.9425108405532474,0.6877928964104207,-2.5981731017940777,-0.3130990616178815,1.4209544082961478,0.5389352198862973,1
1.6939089414798891,1.4741922083704435,-0.639621476528887,-2.7044510015500838,0.3891754387064239,-1.4348439979456296,-0.2775239994727284,-0.1028491468806918,-0.6409481860622003,0.4406294214705644,1
0.5863597658226098,-1.3190099434091358,0.7555457117560893,0.38134031020057174,0.5192761295841151,0.36990120630127143,0.7443872666450155,0.20158475377571494,0.6472541742501621,-1.2819769220299,1
1.7991693323788618,-3.9106856629382776,-1.0207844890928197,3.589540674184542,-0.2880387101417782,0.09587462467358965,1.627058711700276,1.187549431204942,-0.7145493731399347,2.347175775836767,0
1.4457456697043405,3.7676485887070035,-0.09574498124172137,-0.8363299480994919,-0.7417294229069615,0.028355363226495567,-3.643362570671276,-0.004530243193637928,-0.17046637394277653,1.773581420814507,1
2.3399909892427204,1.950463773721857,-0.3724629304988916,-4.015223430476842,-0.9644937063919418,-2.2981665587924667,2.5364602076606952,2.661717740850481,-0.7617933373236694,-1.0863524399607756,1
3.10868412882133,-2.203141022176747,-1.0051548905196377,-1.620325515374697,0.9607285359552454,-1.8966134160309933,3.651592345039727,1.24320135223413,-4.073024799628744,3.180567420553526,0
-0.134374983504171,-0.3712187540616306,1.637766213614846,2.4161073450881307,-0.4591312667107826,0.46088379401866586,-0.7108252921440547,0.9653222077181248,2.2518132276565623,-0.7723094725089812,0
-1.8464570512919296,-0.5471487612142101,-0.7847605231028463,-0.7054119769027758,-0.5299505289741658,0.3720943330935711,0.6696233143084531,-0.9839695345820012,1.449803542652074,-2.95964386639867,1
1.2425524719642935,-1.796474835538894,-1.575606366978477,-1.1151834214885503,0.5625756160677838,-3.3355393443435863,2.9941165752323258,1.2452776991649235,1.4390599939105302,-0.6457220026077845,0
1.401896511958641,-0.026429876012489917,-0.6878550592662496,-1.8594279360652026,0.16778767581337387,-0.8354877610559805,1.6871861223875184,0.9660286072502865,-0.7412893290429527,-0.6353774096104812,1
2.104309801114625,-1.1195615162566004,-0.8831375030316935,-0.4542411079961206,-1.1402897714959763,-0.1944304381602865,1.2709302193322927,0.9657458092852282,-0.09724364134209451,-0.7571779192481718,1
1.7940906421930922,0.6784652508966795,1.2105725471596145,-3.117446306673185,0.7118723409854214,-1.5464516909240886,1.3738668501043299,0.599982197013085,-0.6877107427108246,-0.6729789172047806,1
2.6110344656599533,-4.354937793423487,0.12851170398529338,2.2724191996563823,-1.3085102591814346,-0.25057159544770513,5.466674740875496,3.9836383961775494,-2.2771926152221678,1.2433865419312464,0
1.218015081313709,1.0115732440890217,2.209618244976936,0.7463797240614634,-0.451514260960671,0.36333174305940963,-0.3194480223950907,1.8442395753067633,0.006922560999586658,0.40246168022776074,1
0.6864131853026573,-0.1521247481372695,-1.1121408037580949,-5.551958537655459,-0.330561751141606,-1.7420921787116685,1.2886413375654318,-2.8837773348901674,-2.1659791713473164,-0.6510382782338959,0
0.30754710215056374,-4.303169741748736,0.29725945739702814,2.8319309070795464,0.05697818378271173,1.4213894242800198,2.73436945203255,1.073117052367384,0.9169458959456005,-2.1049985396960214,0
-0.36501101671754754,-1.76708595136655,0.7951739899218242,-0.25902001840572947,-1.4044439919827043,-0.7041714211831173,3.3465310901730385,1.3300921644428851,-0.2005220319889297,-1.2146408567335136,1
-0.6153203317426053,2.08737084796498,0.716338906773573,0.6870911156909497,0.16016228104459193,1.35826967689549,-0.02809776869060913,1.872872148431425,-2.373081881313793,1.7663180860496681,1
2.471491810711131,-0.2036750572132373,1.5093900287792166,-1.6072830960726328,0.051184708953434674,0.7689636992260211,2.932695937782953,2.7315019405690544,-1.9951557686883818,-1.46793337244335,1
-0.5935619659411806,1.9137917074249127,0.3043214442070329,-3.1724982451731365,-0.17190772425032588,-1.0740453105845122,-0.06113717168247663,-0.8770179239091633,-0.42276085171419087,-0.6841395459584764,1
0.4650423349867437,2.3266229083861063,0.10646453965744336,-2.328494541663678,-1.617080318140349,-1.9578203224499386,-0.6337168603449386,-0.09689656804633728,-0.9258364604785436,1.8023802767825214,1
0.754973593998083,1.625135464510436,0.5077244786377226,-1.3196725852878326,-1.1528031428873518,-2.082445677639744,1.1960234809101569,1.8684391208031883,-1.6174443775133835,2.383225511230476,0
0.06098862045208986,-0.004094030271832194,1.5247028399147209,-1.0573784513664493,-0.04190906046194234,-0.14075705190235488,2.2335591938973556,1.4537942160950674,-0.9752328214615104,-0.8505977883555486,1
0.6676841542905746,-2.176251782195019,0.11125921707588723,3.427041052639682,-1.047432147685956,0.2242874186528907,0.39330005087362263,1.167579755760821,0.6834690452025116,1.2899607489040894,0
0.29391383621818357,1.7570065011499785,-0.17837176865420226,1.1947794239438723,0.03012295791711068,-1.0936981614936423,-2.9865522606733137,-0.26333350121277843,1.3662033837139707,2.3258965586352245,1
-0.4458096154057569,-1.6768276887852833,-0.5253300450287618,0.13148323460626948,0.06250902339925496,0.022173989542358052,-1.3027787457845803,-2.9984277036597042,0.9343714143347148,-0.2671434365987091,0
0.8701710091998778,0.4310266061605695,0.02655938713866569,-2.7531024780721256,-0.8453407191492227,-2.154956221407289,2.0093945889411002,0.7709796468022606,-0.6371484973674061,-0.20023177855548835,1
0.45844690670070243,2.1153101672745214,1.238085269162664,-0.6790514678360268,1.466035994558967,-2.1904778616483034,0.08112280950972915,1.544518446741768,-1.1824659143411727,3.149368790246437,0
-2.1642358070096455,-2.0939056086262964,-1.191210031306806,-0.9438285491061973,0.7420165635605707,0.713208513385952,3.2204867616833805,-0.45908649020009307,-0.39873371451437034,-2.98088576566166,0
0.1315046818175235,2.5574318749419214,0.18690697463334335,-2.632207709371198,-1.3861047816242325,0.7486418051471957,-0.15110857080164386,0.19512502716139446,-2.4156156337210417,0.07307014117220412,1
1.1716560208924847,-1.1730607805201398,1.5242536290168633,-2.1397190996844486,-0.19479706549317616,-3.556817177808476,3.2936577469490014,1.3830600361823424,1.3357482451132765,-1.218260790737692,0
2.7107671678231484,-1.9011064568147196,-2.3407297244746896,-3.124203014233596,-0.6743282874105887,-0.8857120588404565,4.759704917500252,1.964978455311838,-1.6917959401211249,-2.284859794634749,1
1.4027341396926527,-2.8499395967778307,0.7022873439930888,-0.47521531155014335,-1.6257478371494054,-1.0510103940209652,4.6109865482185945,1.9737368851006574,-2.120174130775776,0.3807926840007587,1
0.06765240231262781,-0.6012748737260751,0.8515469240742191,-0.4084850242179284,-1.347531442026397,-0.4981443975282152,0.8377746480103987,-0.014684647972298626,-0.07617963349787726,-0.19343029292598646,0
-2.0491290599650025,-2.9536963083774337,0.593150160877234,-0.8328049831822814,-0.6021499953178915,-2.4793752446981983,5.0662263757947255,0.6038501017658793,0.004737050603409676,-1.04452373772425,0
0.3921374637443245,4.377273981374207,-1.1271596636327046,5.13021039967456,-0.03478934423458779,2.163053822866681,-8.324242544761093,-0.40146759242397634,0.4702105709958526,5.965911492900884,1
1.392781320451761,-1.6380343545696023,-0.03170653733861549,4.6868981759236235,0.6769762441589102,-0.29745194188353097,3.0327569066774456,5.500780421114681,-0.46227748871283275,2.5617307447492093,0
-0.2752299814878443,1.7991235883951944,-0.49273297490658585,3.785272589617906,0.40051322116965843,0.006800118196050531,-2.2778648696588397,2.31841842388597,2.293727722347241,1.6564966532890357,0
0.6551089274369735,1.0386892045209797,0.2859784768555377,-2.935236405388046,-0.26495026678768474,-2.901856322965572,1.3320152777265717,0.3796914818684519,-0.516976277883447,0.7285186870122484,1
-2.910587600787891,-1.3634263559397009,-0.7570470945284397,0.4247468234018006,-0.011361556894649334,0.7749221113377105,2.4957216999908067,-0.06180121425643437,-1.1860824377364574,-0.7241718891274549,0
-0.3146945962527432,1.1112023287310817,0.5040755178959285,-1.7445971985346562,-0.11270998382830835,-0.6234042657893679,2.295684152529074,1.6552081796523652,-2.343604872277532,0.6514061595310016,1
2.517780054841804,-4.794347916652561,-1.1858648410594914,2.1956649660197587,0.7851215631987659,0.8774728903554374,4.267963917298973,2.452244272971683,-1.2738631625270123,-0.44430959274094817,0
0.3170180427323107,2.519807643962837,-0.37244199257289934,-1.5867243903775556,0.6255951332147903,-2.3001490636174005,0.25876507856878334,1.4026727225352678,-1.2271347107239203,2.543288111106727,0
0.5904085311954952,-1.2331909615922678,0.8667188382622136,-1.4428798046019589,1.1361105672870337,-1.3234505053362904,1.981491802269395,-0.10300651418965512,-0.8815636406250856,0.12793448544071362,1
0.1869053915695682,1.9789242693651563,-1.264291658307845,-1.6934692704367769,-1.4124082334676378,-2.371541018509746,-1.3257112742783843,-0.9177351208864473,-1.0220994988701748,3.206130108535598,0
1.4257070503602334,-2.1937896468489684,1.8379408776321113,-1.4891052256437625,0.47509414313235443,-1.6758948585704245,7.518418125773816,4.643561869585982,-3.7620912925393775,0.44482650918791133,0
0.3164617954548935,0.7283539244859143,0.9259478725857899,0.9629300970092423,-1.981491160342167,-0.7280311436176906,-0.4616871326984272,1.0968323896601477,0.43953895353848105,1.3019919774070274,0
1.3068195154955942,0.2765363564891572,-1.4728441765986526,-1.6998923731045508,0.4839931619881211,-0.39788356470946884,1.5272270473426615,0.9752353982711621,-1.9351087785149756,0.438850255131848,1
0.8370126174578538,1.470259535151297,-1.116661219758903,-5.199059088413948,-0.8846286167906122,-2.923324326118882,2.484281279386961,0.32059458912732025,-1.605746937262078,-0.38798267974091144,1
0.4739882360185541,1.3351628271202167,0.45038596562722344,-1.0930299545144075,-0.10692853953052232,-1.441718809000308,-0.44221730148118044,0.12653253078337146,-0.4646405131685898,1.529195602862848,0
1.2328149948696139,0.32785668602860385,0.39323363861773786,1.930747240129451,2.8345637184463586,-1.0509884563436718,-2.420763623864242,-0.3024743786214126,0.11389194329215502,3.860982087915138,0
-0.3163824808544671,-1.1748582047537854,0.7070134900965918,0.8014150148643417,0.3733960285942784,-2.2539722746668103,2.601015607705831,2.1220519509069904,1.6737846219822683,-0.3984618344880464,0
0.7618377591506846,-1.7878577554506883,0.07597711305048979,0.36010660839230196,-0.40547963142361554,0.5363422633155674,-1.4084655559592711,-2.2652752313464664,1.6553996856865538,-1.3598533652653877,0
-0.08809037285955623,2.711787060191096,1.298851970401086,-4.134969115723966,0.3804327944622638,-2.6853360595043334,1.868696202902787,1.1201688850709517,-1.9874580652095661,0.9555191223669178,0
-0.043957042409437874,-1.711005755304089,0.4536593924797484,-2.981596259569047,1.0013221104172596,-4.653279772605251,3.79574232091709,-0.160119166208062,0.03960737578452267,0.4197011829849458,1
-1.073994521465499,-2.34202682725845,-0.6896733230803126,-0.6373402451771553,0.1314821588547546,-0.48024696859311583,3.4782176129803,0.19602662703856433,-0.6986646391134115,-1.2911824381163584,0
1.7415396184492224,-0.2691384463608648,-0.8502626710142982,-2.231087364875234,0.7080401443762565,-0.2469588660062041,2.815478029769965,1.692019639382504,-1.7551975471204986,-1.0694673036212157,1
2.5245475542979348,-1.000716056201483,0.13276489699709007,-0.029170814670459955,-0.5238461980050688,-0.54995066580442,1.0092168464043947,1.0571163754098931,-1.3896685532182809,1.5280581829690256,0
-2.805674622359355,-0.637304776484499,-0.11206525056136421,1.3886047624732984,-1.175801239057354,-0.25525475550975474,0.8696067145855134,-0.12471012468301934,0.3744699464484108,0.3274966160422965,0
-1.4529917985619976,2.702439664331247,0.015546371995329213,2.9642697622591867,-0.17079458156059146,-0.6152348099452325,-3.7708038892358515,0.5144531123815164,2.9213730786547014,1.8760867695413188,0
-3.8275943235942043,-2.0738243518162185,0.6934306519671017,-2.277128716687599,-1.728496722601525,-1.6326437186859273,7.733080765091921,1.9091171657272465,-2.8213012128590016,-1.4413019277344912,0
1.1101985987137706,-1.7868523099295406,-0.10142980825818103,2.1020082307987797,0.47730134968015475,-0.6577785097669437,0.7402162312355546,0.8627611398151191,-0.8451273663683875,2.742550064484549,0
-0.702563611069573,2.8278153408106492,0.9800962995777066,-2.8734275136066683,-0.051732165282347815,-0.22603542486983874,-0.49941981525800627,-0.44104798973781256,-1.6511368128666497,0.27653116026340285,1
1.677374530197582,-0.039848513549061604,0.0772174580311957,-2.308341896089337,0.14557196259123456,-2.274094553275652,1.3046189880595713,0.32600562085075363,-0.3832526856180667,0.38388084535991346,1
1.5271288243947496,2.7316451686548207,0.3500190014775605,-4.599582713935592,-0.2667792170769667,-2.9720271411027026,1.139739817743477,1.0638424754878164,-0.8170338153711432,0.06700941892501511,1
0.05601714969970395,1.7590843906751312,2.139834605807359,-4.668646910137758,-0.8461924910039894,-2.741358583617137,1.4030224172657777,-0.5067404155437385,-1.3669040943931272,0.17062941549357113,1
0.7019399985201032,0.2747621786544079,-0.1093973456897331,-1.5602931476650437,0.04959441909536088,1.175737716063638,2.2646039058914864,1.6203024585627832,-2.1750741174981885,-1.2962797858397925,1
0.3032262116546352,-0.8004990002351129,-1.0294461092047826,0.41389336554328887,0.37385165802948844,-0.935921051021106,0.19284909153416332,-0.29488786163205183,-0.44593424153415845,1.664721546971113,0
1.810412556113749,0.007471302683516257,0.7314371879380083,-1.4587588373271405,0.48501759467291916,-2.748932701784292,0.3319587477055221,0.5757702108985301,2.894392146136174,-1.533606443709007,0
0.60280474140425,2.5977096467967757,2.321594911812564,-4.249022685257308,-0.6905874285011777,-1.8601467833845893,-0.5498043942842952,-0.8863362151721588,-0.21961546493432138,-0.5571310493808942,1
1.4616875678310426,-2.489135738264822,0.8455411906037694,-3.1150939658164907,1.8648387847295913,-0.7132751877417588,5.561696991806527,1.4341912342861098,-2.6486328105523453,-1.9057225966060714,0
-0.8029773257397348,1.3960496991511662,-0.4123919992772007,-3.008186701731663,-0.9257098858315732,-1.1557500776244924,-0.187104157934972,-1.4527286510130673,-0.055127752867369484,-0.827866737470822,0
3.204465414530951,-0.49150524767699333,0.171455760171253,-1.752242842890978,-0.9961522775799024,-2.1278484436473173,4.695144935943314,3.9902956369728937,-3.9989452092478777,2.699305281699369,0
1.6477167631989016,1.512472055759481,1.690477142625832,-2.015743052953285,0.3143572350917139,0.297631398831282,1.596319043419543,2.403913488167807,-1.2438747571158966,-1.2945784056216867,1
1.1577473039515276,0.47673124502943365,-0.49635473399239427,-2.3410188440827846,1.3330168625487384,-1.7110798466192247,2.6600226097239124,1.969923956538884,-0.6782514539982624,-0.6855738373861097,1
1.3383974504038982,-2.4168192923173906,-0.7008786336009978,-3.669112621743354,-0.055639777048726885,-0.7613314000793547,3.243427846106775,-1.335349289709616,-2.275645046319348,-1.3461356470093266,0
-1.8621699319987657,-1.607509189727802,0.2007354182042968,-1.968151909582996,-0.06853576131846216,-0.9849198905157441,4.597124058945294,0.6150024887572324,-1.282702083031274,-1.74214836860356,0
-2.482711024884386,-2.787985615784466,0.5515107865413125,-4.554869111061783,-0.09699593422645415,-3.303402017817887,6.728842494980778,-0.7093089205057057,-1.756283235717585,-1.971642268484626,0
1.551463372353541,1.1698246245579775,1.0939882841329043,-2.6728836053050626,0.46011082785074625,-0.7732094241145182,1.4581026791438265,1.221863908422168,-1.7903529555838285,0.02051298753970765,1
0.9749188530040184,-0.3780488743346333,-0.9595623401128778,-2.528185670021217,-0.02516178804904783,-1.2272557368727788,3.800691320428964,1.8829450620403216,-2.097410701757042,-0.4579597322365545,0
4.007320117589445,3.1907416174992784,-0.3331421466192976,5.410304353158987,-0.3956842068544474,1.8147598571639592,-8.873424515306365,0.8597791805046248,5.845250540719421,0.9479346519849359,1
0.6714467327613518,-0.22127737085847632,0.5553120600285271,-0.9542989179682683,0.09955652375656829,-2.673510183368494,2.1344804802666935,1.8885251296442758,2.112195726705149,-1.436803345482176,0
-0.8885493598358789,-3.561125302900707,0.776330660558257,1.7494967838805173,-0.4950552187798824,1.5676934569091634,4.43246803135318,1.9266409098022717,-0.7677283643928725,-2.1849803935855308,1
1.149480484573348,-0.37064603099091564,0.6441974740468074,1.0108159888734172,-0.03326072332073266,2.0885799272560295,-2.9547958900156854,-1.598548883554611,2.316162011997342,-2.307750398187551,0
0.18425056395191552,-0.5916209231751366,0.13084890872676916,3.0727324226200663,1.6731769558050726,0.051795351306162085,-1.8964897965711829,-0.06399196487249126,1.422158127730939,1.7517052319624429,0
3.709821071065396,-1.5092096670971247,1.3628605964468392,-0.08645907474324685,1.358905034153239,-0.9984449732145719,-0.34737133223115785,0.2737052857172695,1.9900081175066278,-0.9872175077864711,1
0.49672867450800545,-0.8162361972572398,0.032603257923529194,-1.209010513987271,-0.11112503725472975,-0.692453086172057,0.7437710829089411,-0.758768583784388,-0.47418792695164613,-0.09210512662925596,0
-0.8516719163793192,3.058906592128383,-2.217282688296867,-0.5723292607707228,-0.4762461220318549,-1.1234109817314453,-1.395774184442059,0.35169068654294583,-1.4506121253098636,3.2510947228014206,1
-0.2868133501291992,-0.05002617872890214,-0.46784488503015287,-2.1591563426184788,-0.9571770957584171,-0.7886316483540974,4.890263289657222,2.894773636726267,-2.700849670151022,-0.6194321248484178,1
0.7146631017643926,0.9456691514882569,-0.08099092322165408,0.2184981316136559,-0.15558129678548355,-0.6293196309007705,-1.4976047939949968,-0.17539334331166412,0.008870055125286158,1.7261019460072184,1
1.515693015475541,3.187056606939521,0.11187765799743216,1.5382586718825653,0.9895020016337266,1.3204119909708758,-4.351014365616041,0.6117632343911525,0.5203547419675054,1.8082679364809344,1
-0.18974868341063955,-0.46382382819520895,-0.10874655620260254,-0.9061474095782739,0.7070108724103921,-0.23793470806455908,3.4540066774043354,2.217948787810016,-1.2053312337815005,-1.101764376818898,1
0.12857636944823958,1.0531019678677298,-0.39709671180493883,-2.567523685154941,1.5787504701418915,0.2810119950001124,1.2192529545791575,0.20084408143165466,-2.2191833144118194,-0.4358936715665037,1
2.0081726765753225,0.9557914975020025,0.300892301956942,1.4807429442137146,-0.5148501481954383,0.46406646964028697,-3.3767415948796966,-0.44932609168975834,0.3496123206773172,2.2398993901168467,1
-0.2865676644501951,0.6368148632810166,-0.5159711177548645,-4.867437112058604,0.25606336999886253,-2.5135243605365813,7.036171893526108,3.8216497324028023,-2.572446455256471,-2.173915354033495,1
-1.1847856175476217,-1.885093291817306,0.4809513162964353,2.316472723539066,0.8894169632100684,3.6500206740416967,1.326710996567581,1.0890082762963138,1.2986796242430223,-4.416506114872538,1
-0.932650894910654,0.5140241341920193,0.23841926049216786,4.670401990818746,1.72603489679149,-1.8989915782020546,-2.282269812047098,1.4694935566682124,3.87089355277521,2.5495867363497915,1
-2.9349895149250607,-2.3987226167840423,0.060707853746239465,-0.21017753444831735,-0.15619326992832186,-0.6000976043159805,5.7337134546571376,1.6624988087920398,-1.7772939475280969,-0.9855839257280035,0
1.4122634418575353,-1.1920630400708814,-1.4937937614597139,-0.9175850531072868,-1.5054618358662137,-0.9650717467520848,3.712786496795503,2.4035396475442683,-1.8953017936836207,0.2793215341736137,0
-1.7827404744022952,-1.8968063225137106,-1.0088528130660355,-2.66064963920475,-0.6105857261187,-4.07361831448352,8.721323558176621,3.994076076044739,-1.318231960431986,-1.3279060779930842,0
-2.5774094056422747,-1.091590715244188,1.7368026448901137,0.6017952199140393,0.8854721435498333,-0.31934588924451485,2.5699248855018926,0.5203894447790278,-1.0507670840278271,0.39136396608572577,0
1.1997220184133814,-2.1560900936484018,1.2920347045772047,2.306461053948869,-0.3542373925955178,-0.02665408294313809,-2.4501700860493427,-2.399982933078048,0.44343215082410636,2.630130854295976,0
1.588701019337217,-2.309751045660506,0.21710795303834676,-1.6857980154544339,-0.015790588338960864,-1.189030950684634,3.5631511205221216,0.5562008897780881,-2.526148375511913,0.6930183005008644,1
-0.5456104714263608,-1.931919086603925,0.1399372036860334,0.9540470832476766,-1.0622311085110872,1.7573727215467534,-0.7554113356238997,-2.0846229980650506,0.5100830898360147,-1.3483729289416868,0
1.2429447791547836,-1.2825993321046858,-0.1933369100247952,-0.16926930093700807,-0.3292085798996233,-1.405871252762076,1.114682800608519,0.008265929525168914,-1.7001766813734556,2.5826102643973314,0
1.0187201810589939,0.7297819053208365,0.018511122790057618,-2.5421736674912685,-0.03400121332256333,-1.5614149572484184,2.5262418132690905,1.6912128196036398,-1.6907889715683635,0.20635617778042592,0
-0.20924985378932703,1.557034982307179,1.9096286629777184,-2.979469666773966,-0.07849977089585887,-0.5135090278084393,0.616789987570983,-0.12246987340081494,-0.354243546216812,-1.605040451068943,1
0.952564218700313,1.5183575095887876,0.7328881791867702,-2.649266895296462,1.4403024571930916,-1.0651761838980718,0.6562900886237139,0.4255512036200498,-1.6744724206605404,0.6823552999336842,1
0.03292505330072315,1.751799902328736,0.244023471835029,1.7175220038186454,-0.9984290840871517,2.2447631702329476,-2.258651473438786,0.9352343462839268,1.0249709013831534,-0.8715533764575445,0
-0.04258949888106567,0.01543591705132119,1.4544062696173783,-1.5460737302524201,1.8076618042741237,-0.3027250682384273,1.3133983223691468,0.47486445068118704,1.1251527006040454,-2.8365572896758984,1
-1.3801737744515645,0.8543321439027112,-0.04486936853091783,0.6915302952634167,-0.7757292483102037,-2.914151733213629,1.007785478931184,1.646216344775132,1.0170979182854174,1.908107522752298,0
0.7428913145838892,-1.400069769605634,-1.244631038069474,-0.5574484124058088,0.2345754126606121,-1.2648885922277966,3.1696120836949233,1.8902562763248816,0.17787047101447195,-1.1287686902986367,1
0.5670791935636292,1.5222232051323965,0.22537522869764554,-0.4207800959377765,-1.106649094253677,-0.39333906997494034,-0.05402964416677161,1.3908349693103816,-0.11205355834119735,0.31456510990388886,1
-0.744701616308971,1.836765630328894,-0.5877394973334941,-0.5570358729921163,-0.05387870322320001,-1.388586350657756,-2.1537364022186596,-1.2102140721084285,0.7440555122779322,1.5192214051436645,0
1.4833860662425702,-0.030866832590341065,-0.43496000697094594,-1.2370996546104311,-0.630387701991708,-1.7257684794168602,0.30170538392285323,-0.08592018886841779,-0.7040724928650397,1.533417400316608,0
2.0867286935996665,-0.7478089964630839,0.3376374116389255,-3.0380094358472873,-1.1928293636823175,-0.9139161142915511,2.892766683888008,0.8858848969090891,-1.5962620488873474,-1.1952199758222803,0
0.13844780039726845,-0.819619126990924,-0.06754606689672592,2.6361495701446973,-0.6797806572761234,0.09305166522121344,0.15937651672212647,1.4756161443043196,0.9805103363190097,0.676800538465349,0
3.09510199553438,1.3379755962189148,0.034997021286368765,-3.29639278019424,0.6577875003554416,-1.9388947937653378,2.635483322292716,2.927803187738264,-1.6144354183840361,-0.05031257267629041,1
1.6044407027193994,-4.6542363541126495,-0.10037878303026904,1.1132364569220887,1.2215004948943584,0.723144251080412,5.826632979579812,2.9825226609209414,-1.3376900806270702,-1.9298461844302681,0
-0.48525658360700263,-0.6897040433779551,-0.42900735672023105,-0.8947664521715858,1.1880460983920702,-1.7270593453607752,1.7697035643174717,-0.11759888940286423,-1.5882673479480192,1.8678252028020865,1
0.5219582063104398,-2.1726695948041717,0.3545926597623961,3.292990266949352,-0.2056832079770403,-0.5107375848510726,3.317876024489442,3.7943235122474004,-0.6381314708315726,1.7425520572116628,0
1.144077878907207,1.8057034766214652,-0.35995311863702756,-5.06433050134574,0.38654552479124743,-3.542853707087702,-0.7211725357934492,-2.6528870613472133,-2.2561634796939867,2.951141455399397,1
-1.986138446645176,-0.9556250786641902,-1.7935816285226522,-1.6575498129699135,-0.28941394549992616,-2.7767408523801373,3.567374119680798,0.40538389901676664,-0.08145521001323797,-0.32438462283956865,0
0.9531345433708354,-1.663695559229271,0.48420563088748114,1.6718851786116484,-0.9745319755130916,-0.26321795477340204,-0.5070697916706721,-0.5266143962111345,0.03223587994730415,1.7520921098049036,0
0.2387732303245712,-1.0530634182079472,0.9024948993971526,0.6462143591140689,0.2583404270225195,0.27983106430236626,0.6986031325008124,0.406533306070977,0.5898888776961253,-0.8960115106420965,0
0.07504097673445953,0.5992110378147133,-1.0207544131021469,-1.425863747617258,0.3148671831303205,0.04206882336533402,2.7105241365213097,2.053604378162637,-2.406701950428265,0.005513883633431749,1
0.9042992645740936,-0.30016562714925765,-0.051039243605115595,-0.3516566557072649,0.06413529703625546,-0.23723659004213227,2.2922324023077647,2.1050119720645846,-1.2026264721383138,0.0029713333193283065,1
0.7184320590473398,-0.5338818103345907,1.678588673722889,-1.31657688488172,-1.0214986837932651,-1.0458900197563357,0.5350264428212849,-0.7660131006327116,-0.8880567774293439,0.792524039393351,0
-2.2965943519887775,4.3641803869529125,0.36891750387664496,0.449099764110645,1.6383000372070178,-0.6469297577418421,-1.450048434105655,1.6467055924879528,-1.1926102875951794,3.2724643996199205,1
-0.29949804458597495,0.807844538346346,0.3659729523115745,2.965499358954142,0.10525387456122856,-0.8266283350987454,0.2609575484295404,3.0746638069123025,0.6975567777772747,2.1965981466501017,0
0.09335300909004496,-2.118963453562296,-0.5961231058560276,-0.24835963278983178,0.4853161840990605,-2.577945132775066,1.71781005694557,-0.2862302367514076,1.7498796759800006,-0.4385659586864395,0
-0.49301276883374495,-3.9496128208822885,1.2862820314869992,-2.2890423071456896,0.23941019649861114,-1.152515939058784,2.543629519472568,-2.993215978502233,0.973797771298166,-3.1645230963265076,0
1.1662835764438866,1.7895985362359617,0.18836058416861476,-3.0388040983961857,-1.4350990910394372,-1.2737402057913225,0.44771946086621006,0.5527740409055868,-0.25281240217411305,-0.8265436786151736,1
-1.2834029139140348,0.20269398693423568,0.30108928060209084,1.4021222907749744,2.0746114901348127,-2.0190931401033887,1.642018338416411,2.2138220717146915,0.5806348974353411,1.588787410008812,0
-0.9157203527947086,1.458516338875879,0.02609627088345399,-1.0092575260742973,0.12294648821936224,0.22940650357507875,1.755343876629992,1.5401744385152223,-3.234098162752896,1.5928975977478952,1
1.7330280348908065,0.3755208806986847,-0.26760008809429137,1.0721882970909495,-2.0774906693997037,1.7099963908405387,-1.8100023707910977,0.6740050062729709,2.375192580189605,-2.551403068510658,0
2.4325276830966454,0.4630035543120634,-0.8277804484855597,-3.1648548011543003,0.40507237294010656,-0.03600850098870967,2.5787965539820914,1.9486421501229576,-1.37421290596708,-2.2422598473107307,1
0.8682273105037184,-0.5775786919760368,0.129973105450415,1.4108734673686634,0.9438610886211458,-1.2809578660480208,-2.733311814390995,-1.894453353081756,1.2340987316278704,2.6233845882397158,1
2.7750387883220973,-0.06264071074115796,0.12479005046293616,-1.0587432414515996,0.4994251494597046,0.25247046900213954,0.5089108686345484,1.0801564801973946,-0.5225267188461231,-0.7304648598708801,1
-0.23076737534520464,-1.3420516106744245,0.22073885531675555,0.41174876610308553,0.33826304759478554,-0.18709484458562542,1.0960454704658449,0.019608762390832535,0.16351168097843716,-0.3511826088001899,0
1.4448260461170523,-0.012245299719169767,-0.8792593048496131,-0.9890661627113037,0.2512538398807606,-0.5300003551386301,0.6559582595494439,0.5894587680089227,-0.5221565882414343,0.04534508076545951,1
1.3537492058294611,-0.813559980254493,0.21359497296942465,-1.674939263510247,0.21032174780972474,-0.8811058166423835,1.331018132808783,0.14649429282074433,0.5306228172609277,-1.6744620505083365,1
2.295261734435454,0.07222250877458192,-0.3491619724959887,0.4068602856193192,-0.18760012202137588,-1.215758718723917,0.04134807227951926,1.9889981328041422,2.738878740467409,-1.4136099469293066,0
0.35348740995759254,-1.0748656351306913,0.229662932628951,2.0304313895178145,0.4765551111648218,2.0706224740326293,-0.6394621275952028,0.47722360497663324,2.3974500519436237,-2.984550475667892,1
0.5098088695964561,0.6911844027212191,1.4327769827283492,-3.8484928231525988,1.3978446014620551,-2.50956424657574,1.3059239490099444,-0.8901390328046459,-1.6663056988073066,0.9000325938638774,1
-0.7997184963361557,0.006350481711767775,0.04353727523501169,-1.007662474927181,0.09154227966801265,-1.1469425708590575,2.7233781741409957,1.2701777602332556,-2.2044500983969657,1.3156119512537159,1
0.5114814713137099,-1.490150125365925,-0.4716315651589826,1.307696442840213,2.782197285370842,-0.8538586664202308,3.0930046919540315,2.72617565558504,-1.0346507751401464,1.2088157910118538,0
-0.37345829170283285,0.4855299071604157,0.6901911861185215,-2.436629581307363,0.5126031742048527,-1.4212649071355883,4.005959518235281,2.350588452789606,-1.87523649315453,-0.5435909328898878,1
0.26974582953716597,0.953184347551024,0.20807875603829723,-4.619605262824642,-0.7869027030495772,-2.1708218218759385,4.141793000131798,1.5594009697643794,-2.5815032461674043,-0.6551082669259283,0
0.8704114719464286,-0.05544057396861535,0.8790478027271486,0.4593136318236005,0.2332546686315865,-0.1726336126812582,-0.3462455439158026,0.6434897992585432,1.6714381712739788,-1.1069437068863914,0
-2.2956085764801357,-1.5093604423775506,-0.21703005611031423,-0.9137891368675672,-1.4300048257422349,-3.6447055687720935,6.158234079908527,2.9208150731332845,0.05808103344635851,-0.5158952880668461,1
2.83109838560006,2.5439321785868048,-0.04043883616008199,-4.3455116990878775,0.9116765283939541,-2.149794991871037,-0.4967796175731145,-0.12290095614298746,-1.822564704567763,1.4553157862516277,1
2.798828055718328,2.26260534693231,0.24740450675374434,4.713530139735787,0.7274544112975404,-0.19281084417132344,-5.335122958097236,2.2312794290974693,4.848787391446103,1.5689780824553703,0
2.0586869773879073,-0.8812822629611003,1.2818087154369335,-3.402230128672254,1.2057907032893584,-0.3722615164913682,0.13069282308892313,-1.6890468859931576,2.254998982484003,-4.711490213038173,0
